telemetry_day,requested_exp_id,exp_id,ground_truth_service,fault_graph_count,fault_pattern_count,expected_pattern_count,actual_pattern_count,pair_candidate_count,runtime_seconds,predicted_service_top1,predicted_service_top3,predicted_service_top5,service_top1_hit,service_top3_hit,service_top5_hit
2026_03_12,,pod_cpu_hog_carts-db_001,carts-db,2824,175,11,7,7,45.36283182998886,queue-master,"['queue-master', 'carts', 'catalogue']","['queue-master', 'carts', 'catalogue', 'orders', 'user']",False,False,False
2026_03_12,,pod_cpu_hog_carts_001,carts,2241,174,10,3,7,51.114985000982415,queue-master,"['queue-master', 'carts', 'catalogue']","['queue-master', 'carts', 'catalogue', 'shipping', 'orders']",False,True,True
2026_03_12,,pod_cpu_hog_catalogue-db_001,catalogue-db,2011,165,10,4,7,32.15726404596353,user,"['user', 'queue-master', 'carts']","['user', 'queue-master', 'carts', 'catalogue', 'shipping']",False,False,False
2026_03_12,,pod_cpu_hog_catalogue_001,catalogue,3004,178,11,9,7,66.6829369989573,orders,"['orders', 'catalogue', 'queue-master']","['orders', 'catalogue', 'queue-master', 'carts', 'user']",False,True,True
2026_03_12,,pod_cpu_hog_front-end_001,front-end,2762,175,13,8,8,48.89421738201054,front-end,"['front-end', 'queue-master', 'payment']","['front-end', 'queue-master', 'payment', 'carts', 'shipping']",True,True,True
2026_03_12,,pod_cpu_hog_orders-db_001,orders-db,1924,189,12,12,7,35.893093206046615,orders,"['orders', 'queue-master', 'carts']","['orders', 'queue-master', 'carts', 'catalogue', 'user']",False,False,False
2026_03_12,,pod_cpu_hog_orders_001,orders,2470,176,14,11,8,39.50904104299843,orders,"['orders', 'queue-master', 'payment']","['orders', 'queue-master', 'payment', 'carts', 'shipping']",True,True,True
2026_03_12,,pod_cpu_hog_payment_001,payment,2836,162,13,4,7,45.6417077369988,queue-master,"['queue-master', 'carts', 'shipping']","['queue-master', 'carts', 'shipping', 'catalogue', 'front-end']",False,False,False
2026_03_12,,pod_cpu_hog_queue-master_001,queue-master,2990,179,12,13,7,47.88740897801472,orders,"['orders', 'queue-master', 'carts']","['orders', 'queue-master', 'carts', 'catalogue', 'front-end']",False,True,True
2026_03_12,,pod_cpu_hog_rabbitmq_001,rabbitmq,2135,167,11,6,7,35.95876344101271,queue-master,"['queue-master', 'carts', 'catalogue']","['queue-master', 'carts', 'catalogue', 'user', 'shipping']",False,False,False
2026_03_12,,pod_cpu_hog_session-db_001,session-db,2840,167,14,0,8,45.629036304948386,user,"['user', 'front-end', 'orders']","['user', 'front-end', 'orders', 'catalogue', 'shipping']",False,False,False
2026_03_12,,pod_cpu_hog_shipping_001,shipping,3042,172,11,5,7,49.41171779501019,queue-master,"['queue-master', 'carts', 'catalogue']","['queue-master', 'carts', 'catalogue', 'shipping', 'user']",False,False,True
2026_03_12,,pod_cpu_hog_user-db_001,user-db,2685,160,14,1,8,59.1384831580217,payment,"['payment', 'queue-master', 'carts']","['payment', 'queue-master', 'carts', 'catalogue', 'shipping']",False,False,False
2026_03_12,,pod_cpu_hog_user_001,user,2785,167,13,0,8,45.185776856029406,front-end,"['front-end', 'orders', 'catalogue']","['front-end', 'orders', 'catalogue', 'user', 'shipping']",False,False,True
2026_03_12,,pod_do_fault_carts-db_001,carts-db,2578,251,12,70,7,41.6024637829978,user,"['user', 'carts', 'orders']","['user', 'carts', 'orders', 'front-end', 'queue-master']",False,False,False
2026_03_12,,pod_do_fault_carts_001,carts,2046,199,13,37,8,39.246739663009066,carts,"['carts', 'orders', 'front-end']","['carts', 'orders', 'front-end', 'payment', 'queue-master']",True,True,True
2026_03_12,,pod_do_fault_catalogue-db_001,catalogue-db,2683,187,14,18,8,55.57014645100571,carts,"['carts', 'catalogue', 'front-end']","['carts', 'catalogue', 'front-end', 'queue-master', 'payment']",False,False,False
2026_03_12,,pod_do_fault_catalogue_001,catalogue,3072,198,10,33,7,65.2547739300062,front-end,"['front-end', 'orders', 'queue-master']","['front-end', 'orders', 'queue-master', 'carts', 'catalogue']",False,False,True
2026_03_12,,pod_do_fault_front-end_001,front-end,2310,206,11,32,7,50.584063778980635,front-end,"['front-end', 'orders', 'carts']","['front-end', 'orders', 'carts', 'user', 'queue-master']",True,True,True
2026_03_12,,pod_do_fault_orders-db_001,orders-db,2977,199,14,23,8,60.9387874060194,carts,"['carts', 'orders', 'user']","['carts', 'orders', 'user', 'shipping', 'payment']",False,False,False
2026_03_12,,pod_do_fault_orders_001,orders,2537,200,13,33,7,49.89543168799719,carts,"['carts', 'orders', 'front-end']","['carts', 'orders', 'front-end', 'user', 'shipping']",False,True,True
2026_03_12,,pod_do_fault_payment_001,payment,2360,168,13,6,8,56.87166557600722,front-end,"['front-end', 'orders', 'queue-master']","['front-end', 'orders', 'queue-master', 'payment', 'carts']",False,False,True
2026_03_12,,pod_do_fault_queue-master_001,queue-master,2343,151,13,1,8,41.279257540998515,queue-master,"['queue-master', 'payment', 'carts']","['queue-master', 'payment', 'carts', 'shipping', 'catalogue']",True,True,True
2026_03_12,,pod_do_fault_shipping_001,shipping,3067,186,13,18,7,70.6412787650479,shipping,"['shipping', 'front-end', 'orders']","['shipping', 'front-end', 'orders', 'queue-master', 'carts']",True,True,True
2026_03_12,,pod_do_fault_user-db_001,user-db,2950,179,12,6,6,64.63027991197305,front-end,"['front-end', 'user', 'carts']","['front-end', 'user', 'carts', 'catalogue', 'shipping']",False,False,False
2026_03_12,,pod_do_fault_user_001,user,2941,189,11,13,7,73.12259384896606,front-end,"['front-end', 'queue-master', 'carts']","['front-end', 'queue-master', 'carts', 'catalogue', 'shipping']",False,False,False
2026_03_12,,pod_io_fault_carts-db_001,carts-db,2980,210,10,25,6,74.62441129400395,carts,"['carts', 'orders', 'user']","['carts', 'orders', 'user', 'catalogue', 'front-end']",False,False,False
2026_03_12,,pod_io_fault_orders-db_001,orders-db,3001,171,13,12,8,65.25245681300294,orders,"['orders', 'carts', 'queue-master']","['orders', 'carts', 'queue-master', 'payment', 'shipping']",False,False,False
2026_03_12,,pod_io_fault_user-db_001,user-db,3054,198,10,21,7,50.452687979035545,catalogue,"['catalogue', 'front-end', 'orders']","['catalogue', 'front-end', 'orders', 'user', 'queue-master']",False,False,False
2026_03_12,,pod_java_exception_carts_001,carts,2312,232,12,51,7,38.83059060596861,carts,"['carts', 'user', 'front-end']","['carts', 'user', 'front-end', 'orders', 'shipping']",True,True,True
2026_03_12,,pod_java_exception_orders_001,orders,2731,211,12,33,7,58.81221964600263,orders,"['orders', 'user', 'front-end']","['orders', 'user', 'front-end', 'carts', 'queue-master']",True,True,True
2026_03_12,,pod_java_exception_shipping_001,shipping,2997,187,10,15,6,50.20865916099865,shipping,"['shipping', 'orders', 'front-end']","['shipping', 'orders', 'front-end', 'carts', 'catalogue']",True,True,True
2026_03_12,,pod_memory_hog_carts_001,carts,3057,185,12,18,7,54.193479765963275,user,"['user', 'orders', 'shipping']","['user', 'orders', 'shipping', 'queue-master', 'carts']",False,False,True
2026_03_12,,pod_memory_hog_catalogue_001,catalogue,3071,181,11,12,6,52.542191894957796,user,"['user', 'carts', 'catalogue']","['user', 'carts', 'catalogue', 'shipping', 'orders']",False,True,True
2026_03_12,,pod_memory_hog_front-end_001,front-end,3076,174,13,6,8,59.502341266022995,front-end,"['front-end', 'orders', 'payment']","['front-end', 'orders', 'payment', 'queue-master', 'carts']",True,True,True
2026_03_12,,pod_memory_hog_orders_001,orders,3048,184,11,9,7,50.42354191298364,user,"['user', 'queue-master', 'carts']","['user', 'queue-master', 'carts', 'catalogue', 'shipping']",False,False,False
2026_03_12,,pod_memory_hog_payment_001,payment,2919,166,12,2,7,48.05088180099847,user,"['user', 'queue-master', 'carts']","['user', 'queue-master', 'carts', 'shipping', 'catalogue']",False,False,False
2026_03_12,,pod_memory_hog_queue-master_001,queue-master,3041,186,14,7,8,65.21036558999913,orders,"['orders', 'user', 'queue-master']","['orders', 'user', 'queue-master', 'payment', 'carts']",False,True,True
2026_03_12,,pod_memory_hog_shipping_001,shipping,2998,185,11,6,6,55.38854510197416,user,"['user', 'carts', 'catalogue']","['user', 'carts', 'catalogue', 'orders', 'shipping']",False,False,True
2026_03_12,,pod_memory_hog_user_001,user,2024,160,14,2,8,37.15765263198409,user,"['user', 'queue-master', 'payment']","['user', 'queue-master', 'payment', 'carts', 'shipping']",True,True,True
2026_03_12,,pod_network_delay_carts_001,carts,3044,191,11,6,7,58.83147082698997,orders,"['orders', 'queue-master', 'carts']","['orders', 'queue-master', 'carts', 'catalogue', 'shipping']",False,True,True
2026_03_12,,pod_network_delay_catalogue_001,catalogue,3024,178,11,3,7,61.08232454996323,queue-master,"['queue-master', 'carts', 'catalogue']","['queue-master', 'carts', 'catalogue', 'user', 'front-end']",False,True,True
2026_03_12,,pod_network_delay_front-end_001,front-end,2986,151,14,0,8,58.896593962970655,user,"['user', 'front-end', 'orders']","['user', 'front-end', 'orders', 'catalogue', 'shipping']",False,True,True
2026_03_12,,pod_network_delay_orders_001,orders,2182,192,12,14,7,40.44402614701539,carts,"['carts', 'queue-master', 'catalogue']","['carts', 'queue-master', 'catalogue', 'user', 'orders']",False,False,True
2026_03_12,,pod_network_delay_payment_001,payment,2817,156,14,1,8,48.04625907097943,queue-master,"['queue-master', 'payment', 'carts']","['queue-master', 'payment', 'carts', 'shipping', 'catalogue']",False,True,True
2026_03_12,,pod_network_delay_queue-master_001,queue-master,2000,150,14,0,8,32.045078698021825,shipping,"['shipping', 'front-end', 'orders']","['shipping', 'front-end', 'orders', 'user', 'catalogue']",False,False,False
2026_03_12,,pod_network_delay_shipping_001,shipping,2426,186,12,9,7,39.42228141298983,orders,"['orders', 'shipping', 'user']","['orders', 'shipping', 'user', 'queue-master', 'carts']",False,True,True
2026_03_12,,pod_network_delay_user_001,user,2029,162,13,11,8,33.02925184601918,user,"['user', 'orders', 'queue-master']","['user', 'orders', 'queue-master', 'payment', 'carts']",True,True,True
2026_03_12,,pod_network_loss_carts_001,carts,3042,163,14,1,8,49.59690013702493,queue-master,"['queue-master', 'payment', 'carts']","['queue-master', 'payment', 'carts', 'shipping', 'catalogue']",False,True,True
2026_03_12,,pod_network_loss_catalogue_001,catalogue,3092,163,11,6,7,50.012117261998355,queue-master,"['queue-master', 'carts', 'catalogue']","['queue-master', 'carts', 'catalogue', 'front-end', 'user']",False,True,True
2026_03_12,,pod_network_loss_front-end_001,front-end,2857,166,12,2,7,46.43730367498938,queue-master,"['queue-master', 'carts', 'catalogue']","['queue-master', 'carts', 'catalogue', 'shipping', 'front-end']",False,False,True
2026_03_12,,pod_network_loss_orders_001,orders,2078,159,14,0,8,33.6049190890044,user,"['user', 'front-end', 'orders']","['user', 'front-end', 'orders', 'catalogue', 'shipping']",False,True,True
2026_03_12,,pod_network_loss_payment_001,payment,2158,180,11,6,7,36.354395181988366,carts,"['carts', 'orders', 'queue-master']","['carts', 'orders', 'queue-master', 'user', 'catalogue']",False,False,False
2026_03_12,,pod_network_loss_queue-master_001,queue-master,1985,163,14,2,8,31.633531904022675,queue-master,"['queue-master', 'payment', 'carts']","['queue-master', 'payment', 'carts', 'orders', 'shipping']",True,True,True
2026_03_12,,pod_network_loss_shipping_001,shipping,1852,155,13,1,8,30.87558477598941,payment,"['payment', 'queue-master', 'carts']","['payment', 'queue-master', 'carts', 'shipping', 'catalogue']",False,False,True
2026_03_12,,pod_network_loss_user_001,user,3040,159,14,0,8,51.161396506999154,user,"['user', 'front-end', 'orders']","['user', 'front-end', 'orders', 'catalogue', 'shipping']",True,True,True
2026_03_12,,pod_network_partition_carts_001,carts,2335,226,14,39,8,37.45712354400894,carts,"['carts', 'orders', 'front-end']","['carts', 'orders', 'front-end', 'user', 'shipping']",True,True,True
2026_03_12,,pod_network_partition_catalogue_001,catalogue,2341,163,13,5,8,37.66161460598232,carts,"['carts', 'front-end', 'queue-master']","['carts', 'front-end', 'queue-master', 'payment', 'shipping']",False,False,False
2026_03_12,,pod_network_partition_front-end_001,front-end,3012,204,14,26,8,48.65590903401608,front-end,"['front-end', 'carts', 'shipping']","['front-end', 'carts', 'shipping', 'orders', 'payment']",True,True,True
2026_03_12,,pod_network_partition_orders_001,orders,3012,191,15,17,8,48.3093890940072,orders,"['orders', 'carts', 'user']","['orders', 'carts', 'user', 'front-end', 'payment']",True,True,True
2026_03_12,,pod_network_partition_payment_001,payment,3045,165,13,8,8,49.003577460011,front-end,"['front-end', 'orders', 'queue-master']","['front-end', 'orders', 'queue-master', 'payment', 'carts']",False,False,True
2026_03_12,,pod_network_partition_queue-master_001,queue-master,2256,157,14,2,8,36.10017899196828,payment,"['payment', 'queue-master', 'carts']","['payment', 'queue-master', 'carts', 'orders', 'shipping']",False,True,True
2026_03_12,,pod_network_partition_shipping_001,shipping,3029,186,13,24,8,49.1832104959758,shipping,"['shipping', 'orders', 'front-end']","['shipping', 'orders', 'front-end', 'carts', 'user']",True,True,True
2026_03_12,,pod_network_partition_user_001,user,2963,169,12,8,8,52.57786403497448,front-end,"['front-end', 'orders', 'user']","['front-end', 'orders', 'user', 'queue-master', 'payment']",False,True,True
2026_03_13,,pod_cpu_hog_carts-db_001,carts-db,3071,174,12,7,8,70.08684827998513,orders,"['orders', 'user', 'payment']","['orders', 'user', 'payment', 'queue-master', 'shipping']",False,False,False
2026_03_13,,pod_cpu_hog_carts_001,carts,2614,178,13,3,7,56.63235060300212,carts,"['carts', 'queue-master', 'orders']","['carts', 'queue-master', 'orders', 'user', 'shipping']",True,True,True
2026_03_13,,pod_cpu_hog_catalogue-db_001,catalogue-db,2327,172,14,1,7,70.26118090399541,catalogue,"['catalogue', 'queue-master', 'shipping']","['catalogue', 'queue-master', 'shipping', 'orders', 'carts']",False,False,False
2026_03_13,,pod_cpu_hog_catalogue_001,catalogue,3076,208,11,23,7,84.98988965299213,carts,"['carts', 'orders', 'front-end']","['carts', 'orders', 'front-end', 'queue-master', 'user']",False,False,False
2026_03_13,,pod_cpu_hog_front-end_001,front-end,2538,191,11,20,7,74.1592971609789,front-end,"['front-end', 'user', 'carts']","['front-end', 'user', 'carts', 'orders', 'queue-master']",True,True,True
2026_03_13,,pod_cpu_hog_orders-db_001,orders-db,2991,163,16,0,8,63.58784571301658,front-end,"['front-end', 'user', 'catalogue']","['front-end', 'user', 'catalogue', 'carts', 'orders']",False,False,False
2026_03_13,,pod_cpu_hog_orders_001,orders,2801,185,11,13,6,58.84918566298438,orders,"['orders', 'catalogue', 'shipping']","['orders', 'catalogue', 'shipping', 'user', 'carts']",True,True,True
2026_03_13,,pod_cpu_hog_payment_001,payment,1992,169,11,5,6,41.88358632003656,orders,"['orders', 'catalogue', 'user']","['orders', 'catalogue', 'user', 'shipping', 'carts']",False,False,False
2026_03_13,,pod_cpu_hog_queue-master_001,queue-master,2184,160,16,0,8,45.64463274803711,front-end,"['front-end', 'user', 'shipping']","['front-end', 'user', 'shipping', 'carts', 'catalogue']",False,False,False
2026_03_13,,pod_cpu_hog_rabbitmq_001,rabbitmq,2494,159,16,1,8,53.9304664459778,queue-master,"['queue-master', 'payment', 'orders']","['queue-master', 'payment', 'orders', 'shipping', 'carts']",False,False,False
2026_03_13,,pod_cpu_hog_session-db_001,session-db,2124,176,11,3,7,44.94649008603301,queue-master,"['queue-master', 'catalogue', 'orders']","['queue-master', 'catalogue', 'orders', 'shipping', 'user']",False,False,False
2026_03_13,,pod_cpu_hog_shipping_001,shipping,3036,173,14,12,8,76.72369399800664,orders,"['orders', 'payment', 'queue-master']","['orders', 'payment', 'queue-master', 'carts', 'shipping']",False,False,True
2026_03_13,,pod_cpu_hog_user-db_001,user-db,3086,181,10,4,6,59.930533911974635,catalogue,"['catalogue', 'carts', 'shipping']","['catalogue', 'carts', 'shipping', 'user', 'orders']",False,False,False
2026_03_13,,pod_cpu_hog_user_001,user,2098,177,15,15,8,36.56576419598423,orders,"['orders', 'user', 'payment']","['orders', 'user', 'payment', 'queue-master', 'shipping']",False,True,True
2026_03_13,,pod_do_fault_carts-db_001,carts-db,1899,245,15,56,8,32.6350626469939,carts,"['carts', 'orders', 'front-end']","['carts', 'orders', 'front-end', 'payment', 'queue-master']",False,False,False
2026_03_13,,pod_do_fault_carts_001,carts,3042,247,10,63,7,50.97569734900026,carts,"['carts', 'orders', 'front-end']","['carts', 'orders', 'front-end', 'shipping', 'queue-master']",True,True,True
2026_03_13,,pod_do_fault_catalogue-db_001,catalogue-db,2998,241,14,46,7,49.67373481002869,carts,"['carts', 'catalogue', 'front-end']","['carts', 'catalogue', 'front-end', 'queue-master', 'shipping']",False,False,False
2026_03_13,,pod_do_fault_catalogue_001,catalogue,3100,196,15,7,8,69.47140953998314,orders,"['orders', 'front-end', 'user']","['orders', 'front-end', 'user', 'queue-master', 'payment']",False,False,False
2026_03_13,,pod_do_fault_front-end_001,front-end,2924,213,15,32,8,48.136181470006704,orders,"['orders', 'shipping', 'front-end']","['orders', 'shipping', 'front-end', 'carts', 'payment']",False,True,True
2026_03_13,,pod_do_fault_orders-db_001,orders-db,2351,206,13,34,8,44.26548324601026,shipping,"['shipping', 'orders', 'carts']","['shipping', 'orders', 'carts', 'front-end', 'payment']",False,False,False
2026_03_13,,pod_do_fault_orders_001,orders,2582,239,10,47,7,41.30390460399212,orders,"['orders', 'carts', 'shipping']","['orders', 'carts', 'shipping', 'front-end', 'user']",True,True,True
2026_03_13,,pod_do_fault_payment_001,payment,2153,196,13,16,7,35.96326995198615,orders,"['orders', 'front-end', 'carts']","['orders', 'front-end', 'carts', 'queue-master', 'user']",False,False,False
2026_03_13,,pod_do_fault_queue-master_001,queue-master,3070,172,12,12,7,50.87180529598845,queue-master,"['queue-master', 'user', 'catalogue']","['queue-master', 'user', 'catalogue', 'shipping', 'orders']",True,True,True
2026_03_13,,pod_do_fault_shipping_001,shipping,3100,191,16,12,8,49.73292763897916,orders,"['orders', 'front-end', 'shipping']","['orders', 'front-end', 'shipping', 'payment', 'queue-master']",False,True,True
2026_03_13,,pod_do_fault_user-db_001,user-db,3076,171,15,4,8,39.20947288197931,front-end,"['front-end', 'payment', 'queue-master']","['front-end', 'payment', 'queue-master', 'orders', 'shipping']",False,False,False
2026_03_13,,pod_do_fault_user_001,user,2534,217,15,24,7,41.01465515297605,user,"['user', 'orders', 'front-end']","['user', 'orders', 'front-end', 'shipping', 'queue-master']",True,True,True
2026_03_13,,pod_io_fault_carts-db_001,carts-db,2115,192,10,15,7,34.16707991901785,orders,"['orders', 'carts', 'user']","['orders', 'carts', 'user', 'queue-master', 'catalogue']",False,False,False
2026_03_13,,pod_io_fault_orders-db_001,orders-db,3090,176,15,3,8,68.24632881698199,orders,"['orders', 'payment', 'queue-master']","['orders', 'payment', 'queue-master', 'shipping', 'user']",False,False,False
2026_03_13,,pod_io_fault_user-db_001,user-db,2675,183,9,17,7,43.554056984954514,user,"['user', 'orders', 'queue-master']","['user', 'orders', 'queue-master', 'carts', 'catalogue']",False,False,False
2026_03_13,,pod_java_exception_carts_001,carts,3028,196,15,19,8,65.62792687601177,carts,"['carts', 'orders', 'front-end']","['carts', 'orders', 'front-end', 'payment', 'queue-master']",True,True,True
2026_03_13,,pod_java_exception_orders_001,orders,2603,213,13,30,7,55.65448257699609,orders,"['orders', 'front-end', 'carts']","['orders', 'front-end', 'carts', 'queue-master', 'catalogue']",True,True,True
2026_03_13,,pod_java_exception_shipping_001,shipping,2687,200,16,19,8,42.53947799099842,orders,"['orders', 'shipping', 'front-end']","['orders', 'shipping', 'front-end', 'payment', 'queue-master']",False,True,True
2026_03_13,,pod_memory_hog_carts_001,carts,2518,176,15,13,8,40.84762434102595,orders,"['orders', 'carts', 'payment']","['orders', 'carts', 'payment', 'queue-master', 'shipping']",False,True,True
2026_03_13,,pod_memory_hog_catalogue_001,catalogue,3005,179,13,2,7,51.432268292002846,queue-master,"['queue-master', 'shipping', 'user']","['queue-master', 'shipping', 'user', 'orders', 'catalogue']",False,False,True
2026_03_13,,pod_memory_hog_front-end_001,front-end,1967,162,14,6,8,32.699525795993395,front-end,"['front-end', 'payment', 'queue-master']","['front-end', 'payment', 'queue-master', 'orders', 'shipping']",True,True,True
2026_03_13,,pod_memory_hog_orders_001,orders,2577,178,14,1,8,41.86428847204661,orders,"['orders', 'queue-master', 'payment']","['orders', 'queue-master', 'payment', 'catalogue', 'shipping']",True,True,True
2026_03_13,,pod_memory_hog_payment_001,payment,2631,170,14,0,8,70.81412523100153,front-end,"['front-end', 'user', 'carts']","['front-end', 'user', 'carts', 'orders', 'catalogue']",False,False,False
2026_03_13,,pod_memory_hog_queue-master_001,queue-master,2227,170,15,1,8,57.733220177004114,payment,"['payment', 'orders', 'queue-master']","['payment', 'orders', 'queue-master', 'shipping', 'user']",False,True,True
2026_03_13,,pod_memory_hog_shipping_001,shipping,3034,175,15,1,8,78.62375207798323,orders,"['orders', 'payment', 'queue-master']","['orders', 'payment', 'queue-master', 'catalogue', 'carts']",False,False,False
2026_03_13,,pod_memory_hog_user_001,user,3019,180,11,25,8,81.19940357498126,payment,"['payment', 'orders', 'queue-master']","['payment', 'orders', 'queue-master', 'catalogue', 'shipping']",False,False,False
2026_03_13,,pod_network_delay_carts_001,carts,3050,196,13,24,8,80.95161644701147,orders,"['orders', 'shipping', 'carts']","['orders', 'shipping', 'carts', 'user', 'front-end']",False,True,True
2026_03_13,,pod_network_delay_catalogue_001,catalogue,3041,171,15,4,8,80.5437676999718,orders,"['orders', 'payment', 'queue-master']","['orders', 'payment', 'queue-master', 'shipping', 'carts']",False,False,False
2026_03_13,,pod_network_delay_front-end_001,front-end,2926,203,13,39,7,77.75926002301276,front-end,"['front-end', 'orders', 'user']","['front-end', 'orders', 'user', 'catalogue', 'queue-master']",True,True,True
2026_03_13,,pod_network_delay_orders_001,orders,3015,179,13,5,7,64.645597041992,catalogue,"['catalogue', 'user', 'queue-master']","['catalogue', 'user', 'queue-master', 'shipping', 'orders']",False,False,True
2026_03_13,,pod_network_delay_payment_001,payment,3011,182,14,2,6,50.08936885598814,queue-master,"['queue-master', 'orders', 'carts']","['queue-master', 'orders', 'carts', 'user', 'shipping']",False,False,False
2026_03_13,,pod_network_delay_queue-master_001,queue-master,2452,207,13,13,8,40.14807521097828,orders,"['orders', 'shipping', 'user']","['orders', 'shipping', 'user', 'queue-master', 'payment']",False,False,True
2026_03_13,,pod_network_delay_shipping_001,shipping,3026,176,10,11,7,49.973772580968216,user,"['user', 'queue-master', 'carts']","['user', 'queue-master', 'carts', 'catalogue', 'shipping']",False,False,True
2026_03_13,,pod_network_delay_user_001,user,3042,181,9,16,6,49.861854609975126,user,"['user', 'carts', 'catalogue']","['user', 'carts', 'catalogue', 'orders', 'shipping']",True,True,True
2026_03_13,,pod_network_loss_carts_001,carts,2372,183,13,11,8,38.91771113005234,user,"['user', 'queue-master', 'payment']","['user', 'queue-master', 'payment', 'carts', 'orders']",False,False,True
2026_03_13,,pod_network_loss_catalogue_001,catalogue,2705,177,14,11,8,43.01688684395049,orders,"['orders', 'payment', 'queue-master']","['orders', 'payment', 'queue-master', 'shipping', 'catalogue']",False,False,True
2026_03_13,,pod_network_loss_front-end_001,front-end,3010,191,15,12,8,49.86625099700177,orders,"['orders', 'queue-master', 'payment']","['orders', 'queue-master', 'payment', 'carts', 'user']",False,False,False
2026_03_13,,pod_network_loss_orders_001,orders,3112,203,14,24,7,53.70721428201068,orders,"['orders', 'front-end', 'queue-master']","['orders', 'front-end', 'queue-master', 'catalogue', 'user']",True,True,True
2026_03_13,,pod_network_loss_payment_001,payment,2189,182,13,3,8,35.45056377403671,queue-master,"['queue-master', 'payment', 'carts']","['queue-master', 'payment', 'carts', 'shipping', 'user']",False,True,True
2026_03_13,,pod_network_loss_queue-master_001,queue-master,2916,163,15,0,8,47.62052359804511,front-end,"['front-end', 'catalogue', 'carts']","['front-end', 'catalogue', 'carts', 'user', 'shipping']",False,False,False
2026_03_13,,pod_network_loss_shipping_001,shipping,2801,166,16,3,8,45.88726140500512,payment,"['payment', 'queue-master', 'shipping']","['payment', 'queue-master', 'shipping', 'orders', 'carts']",False,True,True
2026_03_13,,pod_network_loss_user_001,user,2829,160,16,0,8,47.542638157028705,front-end,"['front-end', 'user', 'catalogue']","['front-end', 'user', 'catalogue', 'carts', 'shipping']",False,True,True
2026_03_13,,pod_network_partition_carts_001,carts,2733,212,15,39,8,43.486981011985335,orders,"['orders', 'front-end', 'carts']","['orders', 'front-end', 'carts', 'payment', 'queue-master']",False,True,True
2026_03_13,,pod_network_partition_catalogue_001,catalogue,3084,168,16,5,8,49.516219678975176,carts,"['carts', 'front-end', 'payment']","['carts', 'front-end', 'payment', 'queue-master', 'orders']",False,False,False
2026_03_13,,pod_network_partition_front-end_001,front-end,2572,206,16,34,8,43.14421320799738,orders,"['orders', 'shipping', 'user']","['orders', 'shipping', 'user', 'front-end', 'payment']",False,False,True
2026_03_13,,pod_network_partition_orders_001,orders,2831,166,14,2,8,46.67831516999286,payment,"['payment', 'queue-master', 'orders']","['payment', 'queue-master', 'orders', 'shipping', 'carts']",False,True,True
2026_03_13,,pod_network_partition_payment_001,payment,2139,194,12,16,7,35.89497616997687,front-end,"['front-end', 'orders', 'user']","['front-end', 'orders', 'user', 'queue-master', 'carts']",False,False,False
2026_03_13,,pod_network_partition_queue-master_001,queue-master,2934,188,10,12,7,49.018093101039995,user,"['user', 'queue-master', 'carts']","['user', 'queue-master', 'carts', 'catalogue', 'orders']",False,True,True
2026_03_13,,pod_network_partition_shipping_001,shipping,2278,233,14,36,8,38.069653069018386,orders,"['orders', 'carts', 'front-end']","['orders', 'carts', 'front-end', 'shipping', 'user']",False,False,True
2026_03_13,,pod_network_partition_user_001,user,2939,188,13,14,8,49.13742745202035,orders,"['orders', 'user', 'front-end']","['orders', 'user', 'front-end', 'payment', 'queue-master']",False,True,True
2026_03_14,,pod_cpu_hog_carts-db_001,carts-db,2652,158,16,0,7,62.40514719102066,front-end,"['front-end', 'orders', 'catalogue']","['front-end', 'orders', 'catalogue', 'carts', 'user']",False,False,False
2026_03_14,,pod_cpu_hog_carts_001,carts,2151,153,18,0,8,64.84315629000776,front-end,"['front-end', 'orders', 'catalogue']","['front-end', 'orders', 'catalogue', 'user', 'carts']",False,False,True
2026_03_14,,pod_cpu_hog_catalogue-db_001,catalogue-db,3054,158,16,0,8,66.52816478500608,front-end,"['front-end', 'catalogue', 'carts']","['front-end', 'catalogue', 'carts', 'orders', 'user']",False,False,False
2026_03_14,,pod_cpu_hog_catalogue_001,catalogue,3068,157,16,0,8,64.6410414900165,front-end,"['front-end', 'catalogue', 'carts']","['front-end', 'catalogue', 'carts', 'orders', 'user']",False,True,True
2026_03_14,,pod_cpu_hog_front-end_001,front-end,2854,189,16,8,8,50.65766243299004,front-end,"['front-end', 'queue-master', 'shipping']","['front-end', 'queue-master', 'shipping', 'payment', 'user']",True,True,True
2026_03_14,,pod_cpu_hog_orders-db_001,orders-db,3070,174,14,6,7,50.194538604991976,queue-master,"['queue-master', 'carts', 'shipping']","['queue-master', 'carts', 'shipping', 'user', 'orders']",False,False,False
2026_03_14,,pod_cpu_hog_orders_001,orders,3089,171,14,5,6,55.58975874102907,user,"['user', 'shipping', 'carts']","['user', 'shipping', 'carts', 'orders', 'catalogue']",False,False,True
2026_03_14,,pod_cpu_hog_payment_001,payment,2535,181,14,12,7,46.87727056903532,catalogue,"['catalogue', 'user', 'queue-master']","['catalogue', 'user', 'queue-master', 'shipping', 'carts']",False,False,False
2026_03_14,,pod_cpu_hog_queue-master_001,queue-master,2079,177,14,7,7,53.939966601959895,user,"['user', 'shipping', 'queue-master']","['user', 'shipping', 'queue-master', 'carts', 'orders']",False,True,True
2026_03_14,,pod_cpu_hog_rabbitmq_001,rabbitmq,2442,167,16,1,7,48.086365717987064,user,"['user', 'queue-master', 'shipping']","['user', 'queue-master', 'shipping', 'carts', 'catalogue']",False,False,False
2026_03_14,,pod_cpu_hog_session-db_001,session-db,2794,152,17,0,7,59.079741546011064,front-end,"['front-end', 'catalogue', 'orders']","['front-end', 'catalogue', 'orders', 'carts', 'user']",False,False,False
2026_03_14,,pod_cpu_hog_shipping_001,shipping,3049,184,14,15,7,60.959312393039,user,"['user', 'orders', 'queue-master']","['user', 'orders', 'queue-master', 'shipping', 'carts']",False,False,True
2026_03_14,,pod_cpu_hog_user-db_001,user-db,2998,162,14,2,7,57.36650206899503,carts,"['carts', 'queue-master', 'payment']","['carts', 'queue-master', 'payment', 'user', 'catalogue']",False,False,False
2026_03_14,,pod_cpu_hog_user_001,user,2693,189,14,14,8,51.15089726704173,user,"['user', 'shipping', 'queue-master']","['user', 'shipping', 'queue-master', 'payment', 'carts']",True,True,True
2026_03_14,,pod_do_fault_carts-db_001,carts-db,2817,272,14,67,7,72.58164836704964,carts,"['carts', 'user', 'front-end']","['carts', 'user', 'front-end', 'orders', 'payment']",False,False,False
2026_03_14,,pod_do_fault_carts_001,carts,2561,234,15,61,7,43.346741204033606,carts,"['carts', 'user', 'front-end']","['carts', 'user', 'front-end', 'orders', 'queue-master']",True,True,True
2026_03_14,,pod_do_fault_catalogue-db_001,catalogue-db,1913,216,16,32,8,33.65194213000359,carts,"['carts', 'catalogue', 'front-end']","['carts', 'catalogue', 'front-end', 'payment', 'shipping']",False,False,False
2026_03_14,,pod_do_fault_catalogue_001,catalogue,1936,168,17,3,7,31.99026936700102,front-end,"['front-end', 'queue-master', 'payment']","['front-end', 'queue-master', 'payment', 'user', 'carts']",False,False,False
2026_03_14,,pod_do_fault_front-end_001,front-end,2450,191,16,11,7,40.98140504100593,user,"['user', 'queue-master', 'front-end']","['user', 'queue-master', 'front-end', 'shipping', 'carts']",False,True,True
2026_03_14,,pod_do_fault_orders-db_001,orders-db,3006,211,18,32,7,49.170561261998955,user,"['user', 'orders', 'front-end']","['user', 'orders', 'front-end', 'queue-master', 'payment']",False,False,False
2026_03_14,,pod_do_fault_orders_001,orders,1961,221,14,36,7,34.78447017102735,user,"['user', 'front-end', 'orders']","['user', 'front-end', 'orders', 'queue-master', 'shipping']",False,True,True
2026_03_14,,pod_do_fault_payment_001,payment,2398,178,16,15,7,42.08078535198001,front-end,"['front-end', 'orders', 'user']","['front-end', 'orders', 'user', 'shipping', 'queue-master']",False,False,False
2026_03_14,,pod_do_fault_queue-master_001,queue-master,3051,199,14,36,8,71.46898171602516,user,"['user', 'payment', 'queue-master']","['user', 'payment', 'queue-master', 'shipping', 'carts']",False,True,True
2026_03_14,,pod_do_fault_shipping_001,shipping,3002,215,16,29,7,56.12514634797117,orders,"['orders', 'front-end', 'queue-master']","['orders', 'front-end', 'queue-master', 'user', 'shipping']",False,False,True
2026_03_14,,pod_do_fault_user-db_001,user-db,2302,189,14,12,7,29.942334310966544,front-end,"['front-end', 'user', 'payment']","['front-end', 'user', 'payment', 'queue-master', 'catalogue']",False,False,False
2026_03_14,,pod_do_fault_user_001,user,2070,179,13,4,6,38.145048765989486,user,"['user', 'carts', 'queue-master']","['user', 'carts', 'queue-master', 'catalogue', 'front-end']",True,True,True
2026_03_14,,pod_io_fault_carts-db_001,carts-db,2528,218,14,36,7,47.641244086029474,carts,"['carts', 'front-end', 'orders']","['carts', 'front-end', 'orders', 'user', 'queue-master']",False,False,False
2026_03_14,,pod_io_fault_orders-db_001,orders-db,3013,176,15,12,7,58.0158328890102,orders,"['orders', 'queue-master', 'shipping']","['orders', 'queue-master', 'shipping', 'user', 'carts']",False,False,False
2026_03_14,,pod_io_fault_user-db_001,user-db,2255,195,15,7,7,51.11059642100008,user,"['user', 'queue-master', 'shipping']","['user', 'queue-master', 'shipping', 'carts', 'catalogue']",False,False,False
2026_03_14,,pod_java_exception_carts_001,carts,3024,196,15,26,7,58.254717066010926,carts,"['carts', 'front-end', 'payment']","['carts', 'front-end', 'payment', 'queue-master', 'user']",True,True,True
2026_03_14,,pod_java_exception_orders_001,orders,3002,217,13,32,5,59.725136401015334,user,"['user', 'front-end', 'orders']","['user', 'front-end', 'orders', 'carts', 'catalogue']",False,True,True
2026_03_14,,pod_java_exception_shipping_001,shipping,2240,225,17,46,7,37.173422151012346,shipping,"['shipping', 'user', 'front-end']","['shipping', 'user', 'front-end', 'orders', 'queue-master']",True,True,True
2026_03_14,,pod_memory_hog_carts_001,carts,3069,179,15,2,8,52.450975772051606,user,"['user', 'queue-master', 'payment']","['user', 'queue-master', 'payment', 'shipping', 'carts']",False,False,True
2026_03_14,,pod_memory_hog_catalogue_001,catalogue,2978,162,17,4,8,63.91868928796612,catalogue,"['catalogue', 'shipping', 'payment']","['catalogue', 'shipping', 'payment', 'queue-master', 'carts']",True,True,True
2026_03_14,,pod_memory_hog_front-end_001,front-end,2477,197,15,16,8,42.56905921502039,user,"['user', 'queue-master', 'shipping']","['user', 'queue-master', 'shipping', 'payment', 'front-end']",False,False,True
2026_03_14,,pod_memory_hog_orders_001,orders,2434,169,18,15,8,38.215344965981785,user,"['user', 'queue-master', 'shipping']","['user', 'queue-master', 'shipping', 'payment', 'orders']",False,False,True
2026_03_14,,pod_memory_hog_payment_001,payment,2076,166,17,2,8,32.98294199502561,queue-master,"['queue-master', 'payment', 'shipping']","['queue-master', 'payment', 'shipping', 'user', 'carts']",False,True,True
2026_03_14,,pod_memory_hog_queue-master_001,queue-master,2493,174,16,5,8,56.1905432450003,user,"['user', 'shipping', 'payment']","['user', 'shipping', 'payment', 'queue-master', 'orders']",False,False,True
2026_03_14,,pod_memory_hog_shipping_001,shipping,2685,176,15,5,7,43.08087676402647,user,"['user', 'payment', 'queue-master']","['user', 'payment', 'queue-master', 'carts', 'front-end']",False,False,False
2026_03_14,,pod_memory_hog_user_001,user,2643,174,14,9,7,41.66696783900261,user,"['user', 'queue-master', 'shipping']","['user', 'queue-master', 'shipping', 'orders', 'carts']",True,True,True
2026_03_14,,pod_network_delay_carts_001,carts,2954,162,16,1,7,45.950025090016425,queue-master,"['queue-master', 'payment', 'orders']","['queue-master', 'payment', 'orders', 'carts', 'user']",False,False,True
2026_03_14,,pod_network_delay_catalogue_001,catalogue,2678,211,14,19,7,42.59423586499179,user,"['user', 'front-end', 'catalogue']","['user', 'front-end', 'catalogue', 'orders', 'queue-master']",False,True,True
2026_03_14,,pod_network_delay_front-end_001,front-end,2247,153,15,0,7,36.22823241603328,front-end,"['front-end', 'catalogue', 'carts']","['front-end', 'catalogue', 'carts', 'orders', 'user']",True,True,True
2026_03_14,,pod_network_delay_orders_001,orders,2559,161,18,4,8,39.29278894903837,queue-master,"['queue-master', 'shipping', 'payment']","['queue-master', 'shipping', 'payment', 'user', 'carts']",False,False,False
2026_03_14,,pod_network_delay_payment_001,payment,3033,176,15,10,7,46.981883617001586,queue-master,"['queue-master', 'user', 'shipping']","['queue-master', 'user', 'shipping', 'front-end', 'carts']",False,False,False
2026_03_14,,pod_network_delay_queue-master_001,queue-master,2094,172,14,9,7,32.55657908599824,user,"['user', 'shipping', 'queue-master']","['user', 'shipping', 'queue-master', 'carts', 'orders']",False,True,True
2026_03_14,,pod_network_delay_shipping_001,shipping,3046,176,17,6,8,47.80621481698472,user,"['user', 'queue-master', 'payment']","['user', 'queue-master', 'payment', 'shipping', 'carts']",False,False,True
2026_03_14,,pod_network_delay_user_001,user,3001,186,15,16,7,47.57335972599685,user,"['user', 'orders', 'queue-master']","['user', 'orders', 'queue-master', 'shipping', 'catalogue']",True,True,True
2026_03_14,,pod_network_loss_carts_001,carts,3062,168,14,4,7,48.380814109987114,queue-master,"['queue-master', 'user', 'shipping']","['queue-master', 'user', 'shipping', 'orders', 'carts']",False,False,True
2026_03_14,,pod_network_loss_catalogue_001,catalogue,2443,171,16,1,8,38.01210037601413,shipping,"['shipping', 'queue-master', 'payment']","['shipping', 'queue-master', 'payment', 'user', 'carts']",False,False,False
2026_03_14,,pod_network_loss_front-end_001,front-end,2749,171,15,3,7,43.23867794702528,user,"['user', 'queue-master', 'shipping']","['user', 'queue-master', 'shipping', 'carts', 'catalogue']",False,False,False
2026_03_14,,pod_network_loss_orders_001,orders,3034,186,17,8,8,47.66701355599798,user,"['user', 'front-end', 'shipping']","['user', 'front-end', 'shipping', 'queue-master', 'payment']",False,False,False
2026_03_14,,pod_network_loss_payment_001,payment,2700,183,15,4,7,43.06408382602967,user,"['user', 'shipping', 'queue-master']","['user', 'shipping', 'queue-master', 'orders', 'carts']",False,False,False
2026_03_14,,pod_network_loss_queue-master_001,queue-master,3024,161,17,2,8,46.4455558739719,shipping,"['shipping', 'queue-master', 'payment']","['shipping', 'queue-master', 'payment', 'carts', 'user']",False,True,True
2026_03_14,,pod_network_loss_shipping_001,shipping,2541,153,17,0,8,40.25335500098299,front-end,"['front-end', 'orders', 'catalogue']","['front-end', 'orders', 'catalogue', 'user', 'carts']",False,False,False
2026_03_14,,pod_network_loss_user_001,user,2459,165,18,0,8,38.36823281797115,front-end,"['front-end', 'orders', 'catalogue']","['front-end', 'orders', 'catalogue', 'user', 'carts']",False,False,True
2026_03_14,,pod_network_partition_carts_001,carts,2925,233,14,44,7,45.342222439008765,carts,"['carts', 'orders', 'user']","['carts', 'orders', 'user', 'front-end', 'payment']",True,True,True
2026_03_14,,pod_network_partition_catalogue_001,catalogue,1880,177,15,8,7,29.653093166998588,carts,"['carts', 'front-end', 'queue-master']","['carts', 'front-end', 'queue-master', 'shipping', 'user']",False,False,False
2026_03_14,,pod_network_partition_front-end_001,front-end,2971,236,15,46,7,47.797109206963796,user,"['user', 'carts', 'front-end']","['user', 'carts', 'front-end', 'queue-master', 'shipping']",False,True,True
2026_03_14,,pod_network_partition_orders_001,orders,2730,172,16,0,8,41.976499234035145,front-end,"['front-end', 'catalogue', 'carts']","['front-end', 'catalogue', 'carts', 'orders', 'user']",False,False,True
2026_03_14,,pod_network_partition_payment_001,payment,3021,222,16,25,8,47.66492349799955,front-end,"['front-end', 'user', 'orders']","['front-end', 'user', 'orders', 'payment', 'queue-master']",False,False,True
2026_03_14,,pod_network_partition_queue-master_001,queue-master,2042,156,18,2,8,32.43559385201661,shipping,"['shipping', 'payment', 'queue-master']","['shipping', 'payment', 'queue-master', 'user', 'carts']",False,True,True
2026_03_14,,pod_network_partition_shipping_001,shipping,2032,210,18,24,8,30.54529433796415,shipping,"['shipping', 'front-end', 'orders']","['shipping', 'front-end', 'orders', 'user', 'payment']",True,True,True
2026_03_14,,pod_network_partition_user_001,user,2084,187,17,11,8,32.33218657999532,user,"['user', 'front-end', 'orders']","['user', 'front-end', 'orders', 'shipping', 'payment']",True,True,True
2026_03_17,,pod_cpu_hog_carts-db_001,carts-db,2528,165,14,1,6,54.02303939999547,queue-master,"['queue-master', 'orders', 'front-end']","['queue-master', 'orders', 'front-end', 'user', 'shipping']",False,False,False
2026_03_17,,pod_cpu_hog_carts_001,carts,2989,168,14,7,7,65.53175204398576,carts,"['carts', 'catalogue', 'orders']","['carts', 'catalogue', 'orders', 'user', 'queue-master']",True,True,True
2026_03_17,,pod_cpu_hog_catalogue-db_001,catalogue-db,3085,164,13,15,7,49.368852149986196,catalogue,"['catalogue', 'orders', 'front-end']","['catalogue', 'orders', 'front-end', 'queue-master', 'user']",False,False,False
2026_03_17,,pod_cpu_hog_catalogue_001,catalogue,3072,159,16,1,8,49.529742898012046,catalogue,"['catalogue', 'payment', 'orders']","['catalogue', 'payment', 'orders', 'queue-master', 'carts']",True,True,True
2026_03_17,,pod_cpu_hog_front-end_001,front-end,3000,172,15,10,8,48.004465395992156,front-end,"['front-end', 'payment', 'queue-master']","['front-end', 'payment', 'queue-master', 'catalogue', 'orders']",True,True,True
2026_03_17,,pod_cpu_hog_orders-db_001,orders-db,3088,172,11,9,7,66.8311013180064,user,"['user', 'queue-master', 'catalogue']","['user', 'queue-master', 'catalogue', 'orders', 'carts']",False,False,False
2026_03_17,,pod_cpu_hog_orders_001,orders,1986,157,14,0,6,48.325860283046495,shipping,"['shipping', 'user', 'carts']","['shipping', 'user', 'carts', 'front-end', 'orders']",False,False,True
2026_03_17,,pod_cpu_hog_payment_001,payment,2060,178,13,11,7,33.01730216003489,payment,"['payment', 'queue-master', 'user']","['payment', 'queue-master', 'user', 'orders', 'front-end']",True,True,True
2026_03_17,,pod_cpu_hog_queue-master_001,queue-master,2827,163,17,1,7,62.517224639013875,payment,"['payment', 'queue-master', 'orders']","['payment', 'queue-master', 'orders', 'front-end', 'user']",False,True,True
2026_03_17,,pod_cpu_hog_rabbitmq_001,rabbitmq,3040,157,14,3,7,50.261996312998235,payment,"['payment', 'queue-master', 'user']","['payment', 'queue-master', 'user', 'front-end', 'orders']",False,False,False
2026_03_17,,pod_cpu_hog_session-db_001,session-db,2248,159,15,0,7,35.52288690395653,shipping,"['shipping', 'user', 'carts']","['shipping', 'user', 'carts', 'front-end', 'queue-master']",False,False,False
2026_03_17,,pod_cpu_hog_shipping_001,shipping,3037,166,16,7,7,48.992467863019556,catalogue,"['catalogue', 'queue-master', 'orders']","['catalogue', 'queue-master', 'orders', 'front-end', 'user']",False,False,False
2026_03_17,,pod_cpu_hog_user-db_001,user-db,2971,185,14,6,7,64.27611129696015,queue-master,"['queue-master', 'front-end', 'catalogue']","['queue-master', 'front-end', 'catalogue', 'orders', 'user']",False,False,False
2026_03_17,,pod_cpu_hog_user_001,user,2394,201,12,22,7,38.68950433807913,orders,"['orders', 'user', 'shipping']","['orders', 'user', 'shipping', 'front-end', 'queue-master']",False,True,True
2026_03_17,,pod_do_fault_carts-db_001,carts-db,2291,274,12,87,6,37.57641342107672,carts,"['carts', 'orders', 'front-end']","['carts', 'orders', 'front-end', 'user', 'shipping']",False,False,False
2026_03_17,,pod_do_fault_carts_001,carts,3000,234,11,58,6,62.978083867928945,orders,"['orders', 'carts', 'front-end']","['orders', 'carts', 'front-end', 'shipping', 'queue-master']",False,True,True
2026_03_17,,pod_do_fault_catalogue-db_001,catalogue-db,2045,177,17,16,8,33.820516205974855,catalogue,"['catalogue', 'front-end', 'carts']","['catalogue', 'front-end', 'carts', 'payment', 'queue-master']",False,False,False
2026_03_17,,pod_do_fault_catalogue_001,catalogue,3052,167,17,6,8,51.78286284406204,catalogue,"['catalogue', 'payment', 'queue-master']","['catalogue', 'payment', 'queue-master', 'orders', 'front-end']",True,True,True
2026_03_17,,pod_do_fault_front-end_001,front-end,3035,193,15,19,8,48.493719663936645,front-end,"['front-end', 'shipping', 'catalogue']","['front-end', 'shipping', 'catalogue', 'queue-master', 'payment']",True,True,True
2026_03_17,,pod_do_fault_orders-db_001,orders-db,2920,201,14,31,6,47.18251232604962,orders,"['orders', 'front-end', 'shipping']","['orders', 'front-end', 'shipping', 'queue-master', 'carts']",False,False,False
2026_03_17,,pod_do_fault_orders_001,orders,2998,217,11,56,6,46.22172137594316,orders,"['orders', 'front-end', 'carts']","['orders', 'front-end', 'carts', 'shipping', 'user']",True,True,True
2026_03_17,,pod_do_fault_payment_001,payment,2691,174,15,15,8,43.50011513510253,front-end,"['front-end', 'orders', 'queue-master']","['front-end', 'orders', 'queue-master', 'payment', 'catalogue']",False,False,True
2026_03_17,,pod_do_fault_queue-master_001,queue-master,3060,171,13,5,6,48.77090715500526,user,"['user', 'queue-master', 'front-end']","['user', 'queue-master', 'front-end', 'orders', 'carts']",False,True,True
2026_03_17,,pod_do_fault_shipping_001,shipping,3068,214,16,20,8,49.570394170004874,front-end,"['front-end', 'orders', 'shipping']","['front-end', 'orders', 'shipping', 'catalogue', 'queue-master']",False,True,True
2026_03_17,,pod_do_fault_user-db_001,user-db,1971,161,14,6,8,20.595727490028366,front-end,"['front-end', 'catalogue', 'payment']","['front-end', 'catalogue', 'payment', 'queue-master', 'orders']",False,False,False
2026_03_17,,pod_do_fault_user_001,user,2273,188,15,14,8,38.26187306805514,user,"['user', 'front-end', 'shipping']","['user', 'front-end', 'shipping', 'queue-master', 'catalogue']",True,True,True
2026_03_17,,pod_io_fault_carts-db_001,carts-db,2030,194,11,18,6,33.833499565022066,orders,"['orders', 'carts', 'front-end']","['orders', 'carts', 'front-end', 'user', 'queue-master']",False,False,False
2026_03_17,,pod_io_fault_orders-db_001,orders-db,2596,163,13,13,6,42.95888469100464,orders,"['orders', 'queue-master', 'front-end']","['orders', 'queue-master', 'front-end', 'user', 'carts']",False,False,False
2026_03_17,,pod_io_fault_user-db_001,user-db,2373,183,15,17,8,39.02348846802488,front-end,"['front-end', 'queue-master', 'orders']","['front-end', 'queue-master', 'orders', 'payment', 'catalogue']",False,False,False
2026_03_17,,pod_java_exception_carts_001,carts,3090,193,16,29,7,52.2495397250168,front-end,"['front-end', 'carts', 'shipping']","['front-end', 'carts', 'shipping', 'queue-master', 'catalogue']",False,True,True
2026_03_17,,pod_java_exception_orders_001,orders,3047,173,18,17,8,46.89058278105222,orders,"['orders', 'front-end', 'shipping']","['orders', 'front-end', 'shipping', 'queue-master', 'catalogue']",True,True,True
2026_03_17,,pod_java_exception_shipping_001,shipping,2057,178,15,7,6,32.796165484935045,front-end,"['front-end', 'orders', 'queue-master']","['front-end', 'orders', 'queue-master', 'carts', 'shipping']",False,False,True
2026_03_17,,pod_memory_hog_carts_001,carts,2352,177,16,8,8,39.47317789308727,carts,"['carts', 'payment', 'catalogue']","['carts', 'payment', 'catalogue', 'queue-master', 'shipping']",True,True,True
2026_03_17,,pod_memory_hog_catalogue_001,catalogue,2106,164,13,1,6,35.03659784595948,orders,"['orders', 'queue-master', 'front-end']","['orders', 'queue-master', 'front-end', 'user', 'carts']",False,False,False
2026_03_17,,pod_memory_hog_front-end_001,front-end,2429,167,17,10,8,39.47479535709135,shipping,"['shipping', 'queue-master', 'catalogue']","['shipping', 'queue-master', 'catalogue', 'payment', 'orders']",False,False,False
2026_03_17,,pod_memory_hog_orders_001,orders,2857,171,15,13,7,47.217058070003986,orders,"['orders', 'shipping', 'queue-master']","['orders', 'shipping', 'queue-master', 'catalogue', 'user']",True,True,True
2026_03_17,,pod_memory_hog_payment_001,payment,1953,153,16,3,8,32.591754209948704,queue-master,"['queue-master', 'payment', 'catalogue']","['queue-master', 'payment', 'catalogue', 'orders', 'front-end']",False,True,True
2026_03_17,,pod_memory_hog_queue-master_001,queue-master,2005,161,11,8,6,32.884083289070986,queue-master,"['queue-master', 'orders', 'user']","['queue-master', 'orders', 'user', 'front-end', 'carts']",True,True,True
2026_03_17,,pod_memory_hog_shipping_001,shipping,3024,160,19,2,8,48.626604345976375,payment,"['payment', 'catalogue', 'queue-master']","['payment', 'catalogue', 'queue-master', 'orders', 'front-end']",False,False,False
2026_03_17,,pod_memory_hog_user_001,user,2889,167,17,13,8,47.11037618597038,user,"['user', 'payment', 'queue-master']","['user', 'payment', 'queue-master', 'catalogue', 'orders']",True,True,True
2026_03_17,,pod_network_delay_carts_001,carts,3029,163,18,2,8,50.52233570802491,payment,"['payment', 'catalogue', 'queue-master']","['payment', 'catalogue', 'queue-master', 'carts', 'orders']",False,False,True
2026_03_17,,pod_network_delay_catalogue_001,catalogue,2929,159,17,3,8,48.43267526989803,orders,"['orders', 'payment', 'queue-master']","['orders', 'payment', 'queue-master', 'catalogue', 'front-end']",False,False,True
2026_03_17,,pod_network_delay_front-end_001,front-end,2831,158,15,0,8,45.30780307308305,user,"['user', 'shipping', 'carts']","['user', 'shipping', 'carts', 'front-end', 'orders']",False,False,True
2026_03_17,,pod_network_delay_orders_001,orders,3061,163,13,10,8,51.11384637199808,orders,"['orders', 'user', 'queue-master']","['orders', 'user', 'queue-master', 'payment', 'catalogue']",True,True,True
2026_03_17,,pod_network_delay_payment_001,payment,2071,151,16,0,8,33.36134066502564,user,"['user', 'shipping', 'carts']","['user', 'shipping', 'carts', 'front-end', 'queue-master']",False,False,False
2026_03_17,,pod_network_delay_queue-master_001,queue-master,3047,165,12,3,6,50.31839799997397,queue-master,"['queue-master', 'orders', 'user']","['queue-master', 'orders', 'user', 'front-end', 'shipping']",True,True,True
2026_03_17,,pod_network_delay_shipping_001,shipping,2997,180,12,11,6,48.249913697945885,user,"['user', 'queue-master', 'orders']","['user', 'queue-master', 'orders', 'carts', 'front-end']",False,False,False
2026_03_17,,pod_network_delay_user_001,user,2206,175,15,21,7,36.129324073088355,user,"['user', 'orders', 'front-end']","['user', 'orders', 'front-end', 'shipping', 'payment']",True,True,True
2026_03_17,,pod_network_loss_carts_001,carts,2263,166,17,5,8,36.45449924503919,shipping,"['shipping', 'orders', 'catalogue']","['shipping', 'orders', 'catalogue', 'payment', 'queue-master']",False,False,False
2026_03_17,,pod_network_loss_catalogue_001,catalogue,2656,158,15,2,8,43.88873664289713,payment,"['payment', 'catalogue', 'queue-master']","['payment', 'catalogue', 'queue-master', 'orders', 'carts']",False,True,True
2026_03_17,,pod_network_loss_front-end_001,front-end,3006,158,17,2,8,49.8414123239927,queue-master,"['queue-master', 'payment', 'catalogue']","['queue-master', 'payment', 'catalogue', 'orders', 'front-end']",False,False,True
2026_03_17,,pod_network_loss_orders_001,orders,1935,200,14,20,7,31.66666800994426,orders,"['orders', 'front-end', 'queue-master']","['orders', 'front-end', 'queue-master', 'catalogue', 'shipping']",True,True,True
2026_03_17,,pod_network_loss_payment_001,payment,2081,157,15,0,6,34.35121033608448,shipping,"['shipping', 'user', 'carts']","['shipping', 'user', 'carts', 'front-end', 'orders']",False,False,False
2026_03_17,,pod_network_loss_queue-master_001,queue-master,3079,182,13,25,7,50.73867526499089,user,"['user', 'catalogue', 'orders']","['user', 'catalogue', 'orders', 'queue-master', 'front-end']",False,False,True
2026_03_17,,pod_network_loss_shipping_001,shipping,3027,164,16,0,8,48.99627047998365,user,"['user', 'shipping', 'carts']","['user', 'shipping', 'carts', 'front-end', 'orders']",False,True,True
2026_03_17,,pod_network_loss_user_001,user,3025,164,17,3,8,48.055513442028314,catalogue,"['catalogue', 'payment', 'queue-master']","['catalogue', 'payment', 'queue-master', 'orders', 'front-end']",False,False,False
2026_03_17,,pod_network_partition_carts_001,carts,3041,180,17,24,8,49.086455632932484,orders,"['orders', 'front-end', 'carts']","['orders', 'front-end', 'carts', 'payment', 'catalogue']",False,True,True
2026_03_17,,pod_network_partition_catalogue_001,catalogue,2908,161,15,5,8,47.12941607402172,carts,"['carts', 'front-end', 'payment']","['carts', 'front-end', 'payment', 'queue-master', 'catalogue']",False,False,True
2026_03_17,,pod_network_partition_front-end_001,front-end,2054,213,18,27,8,33.07080001896247,front-end,"['front-end', 'shipping', 'catalogue']","['front-end', 'shipping', 'catalogue', 'payment', 'queue-master']",True,True,True
2026_03_17,,pod_network_partition_orders_001,orders,3059,171,14,11,8,48.11879116203636,orders,"['orders', 'queue-master', 'catalogue']","['orders', 'queue-master', 'catalogue', 'payment', 'shipping']",True,True,True
2026_03_17,,pod_network_partition_payment_001,payment,2405,160,17,8,8,38.15108498791233,front-end,"['front-end', 'orders', 'payment']","['front-end', 'orders', 'payment', 'catalogue', 'queue-master']",False,True,True
2026_03_17,,pod_network_partition_queue-master_001,queue-master,2653,177,16,6,8,43.313453693990596,carts,"['carts', 'queue-master', 'payment']","['carts', 'queue-master', 'payment', 'catalogue', 'front-end']",False,True,True
2026_03_17,,pod_network_partition_shipping_001,shipping,2685,167,17,13,8,43.568501726025715,orders,"['orders', 'front-end', 'payment']","['orders', 'front-end', 'payment', 'catalogue', 'queue-master']",False,False,False
2026_03_17,,pod_network_partition_user_001,user,2680,186,15,12,8,42.60521029797383,front-end,"['front-end', 'orders', 'user']","['front-end', 'orders', 'user', 'catalogue', 'payment']",False,True,True
2026_03_18,,pod_cpu_hog_carts-db_001,carts-db,3065,161,16,0,8,49.764416177989915,front-end,"['front-end', 'user', 'carts']","['front-end', 'user', 'carts', 'orders', 'payment']",False,False,False
2026_03_18,,pod_cpu_hog_carts_001,carts,2971,177,19,12,8,62.50737774197478,carts,"['carts', 'payment', 'queue-master']","['carts', 'payment', 'queue-master', 'shipping', 'catalogue']",True,True,True
2026_03_18,,pod_cpu_hog_catalogue-db_001,catalogue-db,2650,155,16,0,7,58.228731612092815,front-end,"['front-end', 'user', 'carts']","['front-end', 'user', 'carts', 'orders', 'catalogue']",False,False,False
2026_03_18,,pod_cpu_hog_catalogue_001,catalogue,2414,164,16,3,7,38.19407075899653,queue-master,"['queue-master', 'payment', 'user']","['queue-master', 'payment', 'user', 'catalogue', 'carts']",False,False,True
2026_03_18,,pod_cpu_hog_front-end_001,front-end,2300,191,12,18,6,37.63989088195376,user,"['user', 'orders', 'front-end']","['user', 'orders', 'front-end', 'queue-master', 'catalogue']",False,True,True
2026_03_18,,pod_cpu_hog_orders-db_001,orders-db,2934,160,17,2,8,47.13305115001276,shipping,"['shipping', 'payment', 'queue-master']","['shipping', 'payment', 'queue-master', 'orders', 'catalogue']",False,False,False
2026_03_18,,pod_cpu_hog_orders_001,orders,3040,165,18,4,8,47.736788175068796,orders,"['orders', 'payment', 'queue-master']","['orders', 'payment', 'queue-master', 'shipping', 'user']",True,True,True
2026_03_18,,pod_cpu_hog_payment_001,payment,2959,181,12,9,6,79.38803009002004,orders,"['orders', 'user', 'catalogue']","['orders', 'user', 'catalogue', 'queue-master', 'carts']",False,False,False
2026_03_18,,pod_cpu_hog_queue-master_001,queue-master,2463,155,17,0,8,39.568593367002904,front-end,"['front-end', 'user', 'carts']","['front-end', 'user', 'carts', 'orders', 'catalogue']",False,False,False
2026_03_18,,pod_cpu_hog_rabbitmq_001,rabbitmq,1986,167,12,4,6,32.23463218903635,user,"['user', 'queue-master', 'catalogue']","['user', 'queue-master', 'catalogue', 'carts', 'orders']",False,False,False
2026_03_18,,pod_cpu_hog_session-db_001,session-db,3063,167,14,4,7,50.96664774394594,user,"['user', 'shipping', 'queue-master']","['user', 'shipping', 'queue-master', 'catalogue', 'carts']",False,False,False
2026_03_18,,pod_cpu_hog_shipping_001,shipping,2718,160,18,0,8,43.045276908087544,front-end,"['front-end', 'user', 'orders']","['front-end', 'user', 'orders', 'carts', 'catalogue']",False,False,False
2026_03_18,,pod_cpu_hog_user-db_001,user-db,2574,165,16,2,7,48.32692768401466,payment,"['payment', 'queue-master', 'catalogue']","['payment', 'queue-master', 'catalogue', 'carts', 'orders']",False,False,False
2026_03_18,,pod_cpu_hog_user_001,user,2874,178,14,8,8,47.41404549102299,user,"['user', 'shipping', 'catalogue']","['user', 'shipping', 'catalogue', 'payment', 'queue-master']",True,True,True
2026_03_18,,pod_do_fault_carts-db_001,carts-db,1837,247,13,48,7,47.48529988701921,carts,"['carts', 'orders', 'front-end']","['carts', 'orders', 'front-end', 'user', 'shipping']",False,False,False
2026_03_18,,pod_do_fault_carts_001,carts,3024,233,15,50,8,48.435764609021135,user,"['user', 'carts', 'orders']","['user', 'carts', 'orders', 'front-end', 'shipping']",False,True,True
2026_03_18,,pod_do_fault_catalogue-db_001,catalogue-db,2408,193,15,23,8,39.746043235994875,catalogue,"['catalogue', 'carts', 'orders']","['catalogue', 'carts', 'orders', 'front-end', 'user']",False,False,False
2026_03_18,,pod_do_fault_catalogue_001,catalogue,2067,177,14,10,7,33.660528735024855,front-end,"['front-end', 'user', 'shipping']","['front-end', 'user', 'shipping', 'queue-master', 'catalogue']",False,False,True
2026_03_18,,pod_do_fault_front-end_001,front-end,1892,185,14,18,8,46.76541589200497,user,"['user', 'front-end', 'shipping']","['user', 'front-end', 'shipping', 'queue-master', 'catalogue']",False,True,True
2026_03_18,,pod_do_fault_orders-db_001,orders-db,2947,198,14,25,7,65.90842309803702,shipping,"['shipping', 'orders', 'carts']","['shipping', 'orders', 'carts', 'user', 'catalogue']",False,False,False
2026_03_18,,pod_do_fault_orders_001,orders,3070,185,17,20,8,48.69239042093977,orders,"['orders', 'user', 'front-end']","['orders', 'user', 'front-end', 'shipping', 'payment']",True,True,True
2026_03_18,,pod_do_fault_payment_001,payment,3088,203,14,27,6,49.558647891972214,orders,"['orders', 'front-end', 'catalogue']","['orders', 'front-end', 'catalogue', 'queue-master', 'carts']",False,False,False
2026_03_18,,pod_do_fault_queue-master_001,queue-master,2419,169,13,5,6,38.62303511193022,queue-master,"['queue-master', 'catalogue', 'user']","['queue-master', 'catalogue', 'user', 'orders', 'carts']",True,True,True
2026_03_18,,pod_do_fault_shipping_001,shipping,2884,186,13,17,7,47.208147736033425,shipping,"['shipping', 'orders', 'carts']","['shipping', 'orders', 'carts', 'front-end', 'user']",True,True,True
2026_03_18,,pod_do_fault_user-db_001,user-db,3015,170,15,8,7,38.17046067107003,front-end,"['front-end', 'queue-master', 'payment']","['front-end', 'queue-master', 'payment', 'catalogue', 'carts']",False,False,False
2026_03_18,,pod_do_fault_user_001,user,2991,190,15,13,8,48.8569672589656,front-end,"['front-end', 'shipping', 'user']","['front-end', 'shipping', 'user', 'queue-master', 'payment']",False,True,True
2026_03_18,,pod_io_fault_carts-db_001,carts-db,2071,188,13,20,6,34.03391855501104,carts,"['carts', 'orders', 'queue-master']","['carts', 'orders', 'queue-master', 'catalogue', 'user']",False,False,False
2026_03_18,,pod_io_fault_orders-db_001,orders-db,3017,177,17,5,8,47.93255722592585,shipping,"['shipping', 'carts', 'payment']","['shipping', 'carts', 'payment', 'queue-master', 'orders']",False,False,False
2026_03_18,,pod_io_fault_user-db_001,user-db,2757,181,17,2,8,44.41050268500112,shipping,"['shipping', 'queue-master', 'payment']","['shipping', 'queue-master', 'payment', 'user', 'catalogue']",False,False,False
2026_03_18,,pod_java_exception_carts_001,carts,2911,224,13,51,8,47.09262084309012,user,"['user', 'carts', 'front-end']","['user', 'carts', 'front-end', 'payment', 'queue-master']",False,True,True
2026_03_18,,pod_java_exception_orders_001,orders,1963,165,16,12,7,28.670753904036246,orders,"['orders', 'front-end', 'user']","['orders', 'front-end', 'user', 'shipping', 'queue-master']",True,True,True
2026_03_18,,pod_java_exception_shipping_001,shipping,2871,188,14,12,7,46.119930971064605,orders,"['orders', 'front-end', 'queue-master']","['orders', 'front-end', 'queue-master', 'shipping', 'catalogue']",False,False,True
2026_03_18,,pod_memory_hog_carts_001,carts,2375,151,17,5,8,38.83672730100807,carts,"['carts', 'shipping', 'queue-master']","['carts', 'shipping', 'queue-master', 'payment', 'user']",True,True,True
2026_03_18,,pod_memory_hog_catalogue_001,catalogue,2075,159,15,2,6,34.02623472607229,queue-master,"['queue-master', 'catalogue', 'carts']","['queue-master', 'catalogue', 'carts', 'orders', 'front-end']",False,True,True
2026_03_18,,pod_memory_hog_front-end_001,front-end,3031,188,15,14,7,49.254082140978426,shipping,"['shipping', 'front-end', 'catalogue']","['shipping', 'front-end', 'catalogue', 'queue-master', 'carts']",False,True,True
2026_03_18,,pod_memory_hog_orders_001,orders,3037,178,13,16,7,49.353258154005744,orders,"['orders', 'user', 'queue-master']","['orders', 'user', 'queue-master', 'catalogue', 'shipping']",True,True,True
2026_03_18,,pod_memory_hog_payment_001,payment,2624,162,15,0,8,42.34677329193801,front-end,"['front-end', 'carts', 'orders']","['front-end', 'carts', 'orders', 'catalogue', 'queue-master']",False,False,False
2026_03_18,,pod_memory_hog_queue-master_001,queue-master,2601,176,14,11,6,42.03912938502617,carts,"['carts', 'queue-master', 'orders']","['carts', 'queue-master', 'orders', 'catalogue', 'front-end']",False,True,True
2026_03_18,,pod_memory_hog_shipping_001,shipping,3014,157,17,0,8,48.39080208307132,front-end,"['front-end', 'user', 'carts']","['front-end', 'user', 'carts', 'orders', 'catalogue']",False,False,False
2026_03_18,,pod_memory_hog_user_001,user,2709,173,12,8,6,43.15581807703711,user,"['user', 'catalogue', 'queue-master']","['user', 'catalogue', 'queue-master', 'carts', 'orders']",True,True,True
2026_03_18,,pod_network_delay_carts_001,carts,2160,205,13,29,7,35.63180285599083,carts,"['carts', 'orders', 'user']","['carts', 'orders', 'user', 'front-end', 'catalogue']",True,True,True
2026_03_18,,pod_network_delay_catalogue_001,catalogue,2296,171,15,9,7,37.50688469398301,user,"['user', 'shipping', 'queue-master']","['user', 'shipping', 'queue-master', 'orders', 'catalogue']",False,False,True
2026_03_18,,pod_network_delay_front-end_001,front-end,2539,171,14,0,7,41.92485233093612,front-end,"['front-end', 'carts', 'orders']","['front-end', 'carts', 'orders', 'catalogue', 'user']",True,True,True
2026_03_18,,pod_network_delay_orders_001,orders,3106,204,16,27,8,49.41437622101512,shipping,"['shipping', 'orders', 'user']","['shipping', 'orders', 'user', 'front-end', 'queue-master']",False,True,True
2026_03_18,,pod_network_delay_payment_001,payment,2711,186,15,5,8,44.775182591052726,carts,"['carts', 'user', 'shipping']","['carts', 'user', 'shipping', 'payment', 'queue-master']",False,False,True
2026_03_18,,pod_network_delay_queue-master_001,queue-master,2352,163,17,1,8,37.99518003908452,shipping,"['shipping', 'payment', 'queue-master']","['shipping', 'payment', 'queue-master', 'orders', 'catalogue']",False,True,True
2026_03_18,,pod_network_delay_shipping_001,shipping,2978,164,16,2,7,47.97211385506671,shipping,"['shipping', 'catalogue', 'queue-master']","['shipping', 'catalogue', 'queue-master', 'carts', 'user']",True,True,True
2026_03_18,,pod_network_delay_user_001,user,2637,169,16,14,8,42.530753104016185,user,"['user', 'orders', 'queue-master']","['user', 'orders', 'queue-master', 'shipping', 'payment']",True,True,True
2026_03_18,,pod_network_loss_carts_001,carts,2826,160,18,0,8,46.02596268593334,front-end,"['front-end', 'user', 'carts']","['front-end', 'user', 'carts', 'orders', 'catalogue']",False,True,True
2026_03_18,,pod_network_loss_catalogue_001,catalogue,3016,165,14,5,7,48.50442969496362,user,"['user', 'queue-master', 'payment']","['user', 'queue-master', 'payment', 'catalogue', 'carts']",False,False,True
2026_03_18,,pod_network_loss_front-end_001,front-end,3015,167,15,0,8,47.8769627349684,front-end,"['front-end', 'carts', 'orders']","['front-end', 'carts', 'orders', 'catalogue', 'user']",True,True,True
2026_03_18,,pod_network_loss_orders_001,orders,2776,185,12,19,7,44.61346263694577,orders,"['orders', 'user', 'front-end']","['orders', 'user', 'front-end', 'queue-master', 'shipping']",True,True,True
2026_03_18,,pod_network_loss_payment_001,payment,2369,193,13,13,7,38.27111885603517,user,"['user', 'orders', 'payment']","['user', 'orders', 'payment', 'catalogue', 'queue-master']",False,True,True
2026_03_18,,pod_network_loss_queue-master_001,queue-master,3007,173,14,0,7,49.809980075922795,front-end,"['front-end', 'carts', 'orders']","['front-end', 'carts', 'orders', 'catalogue', 'user']",False,False,False
2026_03_18,,pod_network_loss_shipping_001,shipping,2638,163,14,2,7,42.2324547029566,payment,"['payment', 'queue-master', 'user']","['payment', 'queue-master', 'user', 'catalogue', 'carts']",False,False,False
2026_03_18,,pod_network_loss_user_001,user,3024,162,17,1,8,46.78591592598241,orders,"['orders', 'payment', 'shipping']","['orders', 'payment', 'shipping', 'queue-master', 'carts']",False,False,False
2026_03_18,,pod_network_partition_carts_001,carts,3011,206,17,30,8,48.05927318101749,orders,"['orders', 'carts', 'user']","['orders', 'carts', 'user', 'front-end', 'shipping']",False,True,True
2026_03_18,,pod_network_partition_catalogue_001,catalogue,2479,180,13,5,6,40.45171484502498,carts,"['carts', 'front-end', 'queue-master']","['carts', 'front-end', 'queue-master', 'catalogue', 'user']",False,False,True
2026_03_18,,pod_network_partition_front-end_001,front-end,2980,200,16,15,8,47.72913459292613,shipping,"['shipping', 'front-end', 'user']","['shipping', 'front-end', 'user', 'queue-master', 'payment']",False,True,True
2026_03_18,,pod_network_partition_orders_001,orders,2069,166,17,3,8,33.02098907891195,queue-master,"['queue-master', 'payment', 'shipping']","['queue-master', 'payment', 'shipping', 'catalogue', 'carts']",False,False,False
2026_03_18,,pod_network_partition_payment_001,payment,2952,177,18,12,8,46.66786131693516,orders,"['orders', 'front-end', 'payment']","['orders', 'front-end', 'payment', 'shipping', 'queue-master']",False,True,True
2026_03_18,,pod_network_partition_queue-master_001,queue-master,2532,176,12,6,7,40.94514271593653,queue-master,"['queue-master', 'shipping', 'catalogue']","['queue-master', 'shipping', 'catalogue', 'user', 'front-end']",True,True,True
2026_03_18,,pod_network_partition_shipping_001,shipping,2998,194,17,18,8,47.478386750095524,orders,"['orders', 'front-end', 'queue-master']","['orders', 'front-end', 'queue-master', 'shipping', 'payment']",False,False,True
2026_03_18,,pod_network_partition_user_001,user,3016,181,16,10,8,47.36661913001444,front-end,"['front-end', 'orders', 'shipping']","['front-end', 'orders', 'shipping', 'payment', 'queue-master']",False,False,False
