telemetry_day,exp_id,status,normal_run_id,normal_window_start,normal_window_end,fault_start,fault_end,normal_rows,fault_rows,removed_indicators,error
2026_03_12,pod_cpu_hog_carts-db_001,ok,normal_ktn0xp,2026-03-12 00:07:49.798311,2026-03-12 00:12:49.798311,2026-03-12 00:25:24,2026-03-12 00:30:24,7860,7859,89,
2026_03_12,pod_network_partition_queue-master_001,ok,normal_ktn0xp,2026-03-12 00:07:49.798311,2026-03-12 00:12:49.798311,2026-03-12 00:42:07,2026-03-12 00:47:07,7680,7608,92,
2026_03_12,pod_network_loss_user_001,ok,normal_s9eec5,2026-03-12 00:57:02.393276,2026-03-12 01:02:02.393276,2026-03-12 01:12:02,2026-03-12 01:17:02,7930,7799,90,
2026_03_12,pod_cpu_hog_payment_001,ok,normal_s9eec5,2026-03-12 00:57:02.393276,2026-03-12 01:02:02.393276,2026-03-12 01:28:41,2026-03-12 01:33:41,7930,7800,90,
2026_03_12,pod_java_exception_shipping_001,ok,normal_s9eec5,2026-03-12 00:57:02.393276,2026-03-12 01:02:02.393276,2026-03-12 01:42:14,2026-03-12 01:47:14,8601,8460,79,
2026_03_12,pod_cpu_hog_catalogue-db_001,ok,normal_etkx7w,2026-03-12 02:01:16.851589,2026-03-12 02:06:16.851589,2026-03-12 02:18:52,2026-03-12 02:23:52,7739,7740,91,
2026_03_12,pod_network_partition_carts_001,ok,normal_etkx7w,2026-03-12 02:01:16.851589,2026-03-12 02:06:16.851589,2026-03-12 02:34:00,2026-03-12 02:39:00,8159,8224,84,
2026_03_12,pod_io_fault_carts-db_001,ok,normal_npt0hw,2026-03-12 03:22:29.669465,2026-03-12 03:27:29.669465,2026-03-12 03:37:49,2026-03-12 03:42:49,7799,7800,90,
2026_03_12,pod_do_fault_orders-db_001,ok,normal_npt0hw,2026-03-12 03:22:29.669465,2026-03-12 03:27:29.669465,2026-03-12 03:54:01,2026-03-12 03:59:01,7979,7949,87,
2026_03_12,pod_memory_hog_catalogue_001,ok,normal_obo6ci,2026-03-12 04:12:41.960159,2026-03-12 04:17:41.960159,2026-03-12 04:25:48,2026-03-12 04:30:48,7678,7680,92,
2026_03_12,pod_do_fault_catalogue-db_001,ok,normal_obo6ci,2026-03-12 04:12:41.960159,2026-03-12 04:17:41.960159,2026-03-12 04:45:44,2026-03-12 04:50:44,8278,8245,82,
2026_03_12,pod_network_partition_orders_001,ok,normal_obo6ci,2026-03-12 04:12:41.960159,2026-03-12 04:17:41.960159,2026-03-12 05:02:38,2026-03-12 05:07:38,7978,7902,87,
2026_03_12,pod_network_delay_front-end_001,ok,normal_obo6ci,2026-03-12 04:12:41.960159,2026-03-12 04:17:41.960159,2026-03-12 05:17:25,2026-03-12 05:22:25,7678,7697,92,
2026_03_12,pod_do_fault_user-db_001,ok,normal_eo7g31,2026-03-12 05:51:04.640507,2026-03-12 05:56:04.640507,2026-03-12 06:07:12,2026-03-12 06:12:12,8458,8442,79,
2026_03_12,pod_network_loss_front-end_001,ok,normal_4nmguc,2026-03-12 06:24:11.501252,2026-03-12 06:29:11.501252,2026-03-12 06:38:36,2026-03-12 06:43:36,7740,7740,91,
2026_03_12,pod_cpu_hog_queue-master_001,ok,normal_4nmguc,2026-03-12 06:24:11.501252,2026-03-12 06:29:11.501252,2026-03-12 06:53:30,2026-03-12 06:58:30,7740,7868,91,
2026_03_12,pod_cpu_hog_user_001,ok,normal_4nmguc,2026-03-12 06:24:11.501252,2026-03-12 06:29:11.501252,2026-03-12 07:10:06,2026-03-12 07:15:06,7860,7858,89,
2026_03_12,pod_network_delay_queue-master_001,ok,normal_vo2spa,2026-03-12 07:43:28.570310,2026-03-12 07:48:28.570310,2026-03-12 08:01:17,2026-03-12 08:06:17,7739,7738,91,
2026_03_12,pod_network_partition_catalogue_001,ok,normal_vo2spa,2026-03-12 07:43:28.570310,2026-03-12 07:48:28.570310,2026-03-12 08:17:13,2026-03-12 08:22:13,7979,7901,87,
2026_03_12,pod_cpu_hog_catalogue_001,ok,normal_vo2spa,2026-03-12 07:43:28.570310,2026-03-12 07:48:28.570310,2026-03-12 08:32:08,2026-03-12 08:37:08,7859,7857,89,
2026_03_12,pod_network_loss_orders_001,ok,normal_vo2spa,2026-03-12 07:43:28.570310,2026-03-12 07:48:28.570310,2026-03-12 08:50:22,2026-03-12 08:55:22,7919,7918,88,
2026_03_12,pod_network_delay_shipping_001,ok,normal_vo2spa,2026-03-12 07:43:28.570310,2026-03-12 07:48:28.570310,2026-03-12 09:03:23,2026-03-12 09:08:23,7739,7740,91,
2026_03_12,pod_memory_hog_payment_001,ok,normal_vo2spa,2026-03-12 07:43:28.570310,2026-03-12 07:48:28.570310,2026-03-12 09:19:17,2026-03-12 09:24:17,7859,7858,89,
2026_03_12,pod_do_fault_shipping_001,ok,normal_vo2spa,2026-03-12 07:43:28.570310,2026-03-12 07:48:28.570310,2026-03-12 09:33:09,2026-03-12 09:38:09,8279,8235,82,
2026_03_12,pod_do_fault_payment_001,ok,normal_vo2spa,2026-03-12 07:43:28.570310,2026-03-12 07:48:28.570310,2026-03-12 09:52:53,2026-03-12 09:57:53,8099,8068,85,
2026_03_12,pod_memory_hog_orders_001,ok,normal_vo2spa,2026-03-12 07:43:28.570310,2026-03-12 07:48:28.570310,2026-03-12 10:05:52,2026-03-12 10:10:52,7619,7620,93,
2026_03_12,pod_network_partition_user_001,ok,normal_vo2spa,2026-03-12 07:43:28.570310,2026-03-12 07:48:28.570310,2026-03-12 10:22:29,2026-03-12 10:27:29,8099,8021,85,
2026_03_12,pod_cpu_hog_carts_001,ok,normal_ahrr30,2026-03-12 10:39:23.607461,2026-03-12 10:44:23.607461,2026-03-12 10:54:34,2026-03-12 10:59:34,7798,7800,90,
2026_03_12,pod_do_fault_queue-master_001,ok,normal_ahrr30,2026-03-12 10:39:23.607461,2026-03-12 10:44:23.607461,2026-03-12 11:11:19,2026-03-12 11:16:19,7798,7752,90,
2026_03_12,pod_network_delay_carts_001,ok,normal_ahrr30,2026-03-12 10:39:23.607461,2026-03-12 10:44:23.607461,2026-03-12 11:24:13,2026-03-12 11:29:13,7738,7727,91,
2026_03_12,pod_cpu_hog_front-end_001,ok,normal_ahrr30,2026-03-12 10:39:23.607461,2026-03-12 10:44:23.607461,2026-03-12 11:43:27,2026-03-12 11:48:27,7558,7557,94,
2026_03_12,pod_do_fault_catalogue_001,ok,normal_ahrr30,2026-03-12 10:39:23.607461,2026-03-12 10:44:23.607461,2026-03-12 11:57:32,2026-03-12 12:02:32,7858,7960,89,
2026_03_12,pod_network_delay_user_001,ok,normal_ahrr30,2026-03-12 10:39:23.607461,2026-03-12 10:44:23.607461,2026-03-12 12:17:27,2026-03-12 12:22:27,7498,7486,95,
2026_03_12,pod_io_fault_user-db_001,ok,normal_ahrr30,2026-03-12 10:39:23.607461,2026-03-12 10:44:23.607461,2026-03-12 12:29:58,2026-03-12 12:34:58,7858,7859,89,
2026_03_12,pod_do_fault_user_001,ok,normal_a3f48q,2026-03-12 12:48:58.149188,2026-03-12 12:53:58.149188,2026-03-12 13:07:12,2026-03-12 13:12:12,7978,7950,87,
2026_03_12,pod_network_loss_shipping_001,ok,normal_a3f48q,2026-03-12 12:48:58.149188,2026-03-12 12:53:58.149188,2026-03-12 13:26:02,2026-03-12 13:31:02,7618,7619,93,
2026_03_12,pod_memory_hog_carts_001,ok,normal_a3f48q,2026-03-12 12:48:58.149188,2026-03-12 12:53:58.149188,2026-03-12 13:37:50,2026-03-12 13:42:50,7738,7868,91,
2026_03_12,pod_memory_hog_front-end_001,ok,normal_lokvnp,2026-03-12 13:55:12.605122,2026-03-12 14:00:12.605122,2026-03-12 14:08:40,2026-03-12 14:13:40,7808,7807,92,
2026_03_12,pod_memory_hog_user_001,ok,normal_lokvnp,2026-03-12 13:55:12.605122,2026-03-12 14:00:12.605122,2026-03-12 14:30:09,2026-03-12 14:35:09,7869,7738,91,
2026_03_12,pod_cpu_hog_user-db_001,ok,normal_lokvnp,2026-03-12 13:55:12.605122,2026-03-12 14:00:12.605122,2026-03-12 14:42:25,2026-03-12 14:47:25,7686,7686,94,
2026_03_12,pod_cpu_hog_rabbitmq_001,ok,normal_lokvnp,2026-03-12 13:55:12.605122,2026-03-12 14:00:12.605122,2026-03-12 15:00:52,2026-03-12 15:05:52,7930,7797,90,
2026_03_12,pod_memory_hog_shipping_001,ok,normal_m7ek0v,2026-03-12 15:15:34.361474,2026-03-12 15:20:34.361474,2026-03-12 15:30:19,2026-03-12 15:35:19,7858,7859,89,
2026_03_12,pod_network_partition_front-end_001,ok,normal_m7ek0v,2026-03-12 15:15:34.361474,2026-03-12 15:20:34.361474,2026-03-12 15:48:32,2026-03-12 15:53:32,7498,7428,95,
2026_03_12,pod_network_delay_orders_001,ok,normal_m7ek0v,2026-03-12 15:15:34.361474,2026-03-12 15:20:34.361474,2026-03-12 16:08:55,2026-03-12 16:13:55,7858,7918,89,
2026_03_12,pod_network_partition_payment_001,ok,normal_m7ek0v,2026-03-12 15:15:34.361474,2026-03-12 15:20:34.361474,2026-03-12 16:24:33,2026-03-12 16:29:33,8158,8081,84,
2026_03_12,pod_memory_hog_queue-master_001,ok,normal_m7ek0v,2026-03-12 15:15:34.361474,2026-03-12 15:20:34.361474,2026-03-12 16:43:03,2026-03-12 16:48:03,7738,7738,91,
2026_03_12,pod_network_loss_queue-master_001,ok,normal_m7ek0v,2026-03-12 15:15:34.361474,2026-03-12 15:20:34.361474,2026-03-12 17:00:46,2026-03-12 17:05:46,7498,7499,95,
2026_03_12,pod_cpu_hog_session-db_001,ok,normal_m7ek0v,2026-03-12 15:15:34.361474,2026-03-12 15:20:34.361474,2026-03-12 17:15:45,2026-03-12 17:20:45,7558,7685,94,
2026_03_12,pod_do_fault_orders_001,ok,normal_m7ek0v,2026-03-12 15:15:34.361474,2026-03-12 15:20:34.361474,2026-03-12 17:30:31,2026-03-12 17:35:31,8038,7995,86,
2026_03_12,pod_do_fault_carts-db_001,ok,normal_m7ek0v,2026-03-12 15:15:34.361474,2026-03-12 15:20:34.361474,2026-03-12 17:44:56,2026-03-12 17:49:56,8638,8609,76,
2026_03_12,pod_cpu_hog_orders-db_001,ok,normal_vo87zf,2026-03-12 18:01:18.317062,2026-03-12 18:06:18.317062,2026-03-12 18:18:11,2026-03-12 18:23:11,7859,7858,89,
2026_03_12,pod_do_fault_carts_001,ok,normal_vo87zf,2026-03-12 18:01:18.317062,2026-03-12 18:06:18.317062,2026-03-12 18:32:09,2026-03-12 18:37:09,8399,8353,80,
2026_03_12,pod_network_loss_payment_001,ok,normal_vo87zf,2026-03-12 18:01:18.317062,2026-03-12 18:06:18.317062,2026-03-12 18:46:48,2026-03-12 18:51:48,7859,7859,89,
2026_03_12,pod_network_loss_carts_001,ok,normal_ei9gi5,2026-03-12 19:01:34.430216,2026-03-12 19:06:34.430216,2026-03-12 19:12:36,2026-03-12 19:17:36,7739,7735,91,
2026_03_12,pod_cpu_hog_shipping_001,ok,normal_ei9gi5,2026-03-12 19:01:34.430216,2026-03-12 19:06:34.430216,2026-03-12 19:30:26,2026-03-12 19:35:26,7619,7616,93,
2026_03_12,pod_network_delay_payment_001,ok,normal_ei9gi5,2026-03-12 19:01:34.430216,2026-03-12 19:06:34.430216,2026-03-12 19:49:17,2026-03-12 19:54:17,7499,7500,95,
2026_03_12,pod_network_loss_catalogue_001,ok,normal_ei9gi5,2026-03-12 19:01:34.430216,2026-03-12 19:06:34.430216,2026-03-12 20:04:07,2026-03-12 20:09:07,7619,7618,93,
2026_03_12,pod_network_partition_shipping_001,ok,normal_ei9gi5,2026-03-12 19:01:34.430216,2026-03-12 19:06:34.430216,2026-03-12 20:21:17,2026-03-12 20:26:17,8039,7967,86,
2026_03_12,pod_java_exception_orders_001,ok,normal_ei9gi5,2026-03-12 19:01:34.430216,2026-03-12 19:06:34.430216,2026-03-12 20:37:44,2026-03-12 20:42:44,8159,8159,84,
2026_03_12,pod_network_delay_catalogue_001,ok,normal_ei9gi5,2026-03-12 19:01:34.430216,2026-03-12 19:06:34.430216,2026-03-12 20:51:06,2026-03-12 20:56:06,7859,7847,89,
2026_03_12,pod_do_fault_front-end_001,ok,normal_ei9gi5,2026-03-12 19:01:34.430216,2026-03-12 19:06:34.430216,2026-03-12 21:13:04,2026-03-12 21:18:04,7919,7888,88,
2026_03_12,pod_java_exception_carts_001,ok,normal_ei9gi5,2026-03-12 19:01:34.430216,2026-03-12 19:06:34.430216,2026-03-12 21:27:12,2026-03-12 21:32:12,8159,8159,84,
2026_03_12,pod_io_fault_orders-db_001,ok,normal_qrb1l7,2026-03-12 21:58:19.675319,2026-03-12 22:03:19.675319,2026-03-12 22:13:41,2026-03-12 22:18:41,8044,7919,88,
2026_03_12,pod_cpu_hog_orders_001,ok,normal_qrb1l7,2026-03-12 21:58:19.675319,2026-03-12 22:03:19.675319,2026-03-12 22:33:01,2026-03-12 22:38:01,7922,7800,90,
2026_03_13,pod_java_exception_carts_001,ok,normal_dbof91,2026-03-13 04:47:25.392351,2026-03-13 04:52:25.392351,2026-03-13 00:08:56,2026-03-13 00:13:56,7979,7978,87,
2026_03_13,pod_network_loss_front-end_001,ok,normal_dbof91,2026-03-13 04:47:25.392351,2026-03-13 04:52:25.392351,2026-03-13 00:27:27,2026-03-13 00:32:27,7619,7620,93,
2026_03_13,pod_network_delay_catalogue_001,ok,normal_dbof91,2026-03-13 04:47:25.392351,2026-03-13 04:52:25.392351,2026-03-13 00:46:42,2026-03-13 00:51:42,7619,7608,93,
2026_03_13,pod_memory_hog_carts_001,ok,normal_dbof91,2026-03-13 04:47:25.392351,2026-03-13 04:52:25.392351,2026-03-13 01:04:40,2026-03-13 01:09:40,7739,7868,91,
2026_03_13,pod_cpu_hog_user_001,ok,normal_dbof91,2026-03-13 04:47:25.392351,2026-03-13 04:52:25.392351,2026-03-13 01:20:48,2026-03-13 01:25:48,7679,7678,92,
2026_03_13,pod_network_partition_shipping_001,ok,normal_dbof91,2026-03-13 04:47:25.392351,2026-03-13 04:52:25.392351,2026-03-13 01:36:30,2026-03-13 01:41:30,8219,8284,83,
2026_03_13,pod_cpu_hog_shipping_001,ok,normal_dbof91,2026-03-13 04:47:25.392351,2026-03-13 04:52:25.392351,2026-03-13 01:49:43,2026-03-13 01:54:43,7799,7794,90,
2026_03_13,pod_java_exception_orders_001,ok,normal_dbof91,2026-03-13 04:47:25.392351,2026-03-13 04:52:25.392351,2026-03-13 02:09:53,2026-03-13 02:14:53,8159,8159,84,
2026_03_13,pod_network_partition_carts_001,ok,normal_dbof91,2026-03-13 04:47:25.392351,2026-03-13 04:52:25.392351,2026-03-13 02:25:20,2026-03-13 02:30:20,8159,8216,84,
2026_03_13,pod_network_loss_catalogue_001,ok,normal_dbof91,2026-03-13 04:47:25.392351,2026-03-13 04:52:25.392351,2026-03-13 02:39:44,2026-03-13 02:44:44,7679,7677,92,
2026_03_13,pod_network_delay_carts_001,ok,normal_dbof91,2026-03-13 04:47:25.392351,2026-03-13 04:52:25.392351,2026-03-13 02:57:30,2026-03-13 03:02:30,7679,7924,92,
2026_03_13,pod_do_fault_front-end_001,ok,normal_dbof91,2026-03-13 04:47:25.392351,2026-03-13 04:52:25.392351,2026-03-13 03:13:00,2026-03-13 03:18:00,7799,7899,90,
2026_03_13,pod_do_fault_user_001,ok,normal_dbof91,2026-03-13 04:47:25.392351,2026-03-13 04:52:25.392351,2026-03-13 03:30:26,2026-03-13 03:35:26,8099,8069,85,
2026_03_13,pod_network_partition_front-end_001,ok,normal_dbof91,2026-03-13 04:47:25.392351,2026-03-13 04:52:25.392351,2026-03-13 03:44:12,2026-03-13 03:49:12,7739,7667,91,
2026_03_13,pod_cpu_hog_catalogue_001,ok,normal_dbof91,2026-03-13 04:47:25.392351,2026-03-13 04:52:25.392351,2026-03-13 03:59:10,2026-03-13 04:04:10,7619,7873,93,
2026_03_13,pod_do_fault_orders_001,ok,normal_dbof91,2026-03-13 04:47:25.392351,2026-03-13 04:52:25.392351,2026-03-13 04:16:19,2026-03-13 04:21:19,8159,8111,84,
2026_03_13,pod_network_delay_front-end_001,ok,normal_dbof91,2026-03-13 04:47:25.392351,2026-03-13 04:52:25.392351,2026-03-13 04:30:29,2026-03-13 04:35:29,7919,7884,88,
2026_03_13,pod_network_loss_orders_001,ok,normal_dbof91,2026-03-13 04:47:25.392351,2026-03-13 04:52:25.392351,2026-03-13 05:03:56,2026-03-13 05:08:56,7919,7920,88,
2026_03_13,pod_network_partition_queue-master_001,ok,normal_dbof91,2026-03-13 04:47:25.392351,2026-03-13 04:52:25.392351,2026-03-13 05:23:04,2026-03-13 05:28:04,7919,7846,88,
2026_03_13,pod_cpu_hog_orders_001,ok,normal_e2km70,2026-03-13 05:39:38.661312,2026-03-13 05:44:38.661312,2026-03-13 05:52:18,2026-03-13 05:57:18,7859,7858,89,
2026_03_13,pod_network_delay_orders_001,ok,normal_e2km70,2026-03-13 05:39:38.661312,2026-03-13 05:44:38.661312,2026-03-13 06:10:04,2026-03-13 06:15:04,7919,7890,88,
2026_03_13,pod_network_delay_payment_001,ok,normal_e2km70,2026-03-13 05:39:38.661312,2026-03-13 05:44:38.661312,2026-03-13 06:26:22,2026-03-13 06:31:22,7859,7857,89,
2026_03_13,pod_io_fault_user-db_001,ok,normal_o2c9sy,2026-03-13 06:44:57.899056,2026-03-13 06:49:57.899056,2026-03-13 07:04:57,2026-03-13 07:09:57,7980,7980,87,
2026_03_13,pod_memory_hog_user_001,ok,normal_o2c9sy,2026-03-13 06:44:57.899056,2026-03-13 06:49:57.899056,2026-03-13 07:22:12,2026-03-13 07:27:12,7860,7859,89,
2026_03_13,pod_cpu_hog_front-end_001,ok,normal_vjthrm,2026-03-13 07:40:10.880230,2026-03-13 07:45:10.880230,2026-03-13 07:55:29,2026-03-13 08:00:29,7738,7868,91,
2026_03_13,pod_network_partition_catalogue_001,ok,normal_vjthrm,2026-03-13 07:40:10.880230,2026-03-13 07:45:10.880230,2026-03-13 08:11:13,2026-03-13 08:16:13,7858,7782,89,
2026_03_13,pod_memory_hog_catalogue_001,ok,normal_vjthrm,2026-03-13 07:40:10.880230,2026-03-13 07:45:10.880230,2026-03-13 08:25:47,2026-03-13 08:30:47,7498,7500,95,
2026_03_13,pod_do_fault_user-db_001,ok,normal_vjthrm,2026-03-13 07:40:10.880230,2026-03-13 07:45:10.880230,2026-03-13 08:43:39,2026-03-13 08:48:39,8398,8370,80,
2026_03_13,pod_do_fault_payment_001,ok,normal_vjthrm,2026-03-13 07:40:10.880230,2026-03-13 07:45:10.880230,2026-03-13 09:02:53,2026-03-13 09:07:53,8338,8310,81,
2026_03_13,pod_java_exception_shipping_001,ok,normal_vjthrm,2026-03-13 07:40:10.880230,2026-03-13 07:45:10.880230,2026-03-13 09:18:38,2026-03-13 09:23:38,8038,8040,86,
2026_03_13,pod_cpu_hog_catalogue-db_001,ok,normal_vjthrm,2026-03-13 07:40:10.880230,2026-03-13 07:45:10.880230,2026-03-13 09:35:35,2026-03-13 09:40:35,7438,7560,96,
2026_03_13,pod_network_loss_payment_001,ok,normal_vjthrm,2026-03-13 07:40:10.880230,2026-03-13 07:45:10.880230,2026-03-13 09:51:01,2026-03-13 09:56:01,7678,7679,92,
2026_03_13,pod_cpu_hog_queue-master_001,ok,normal_vjthrm,2026-03-13 07:40:10.880230,2026-03-13 07:45:10.880230,2026-03-13 10:09:14,2026-03-13 10:14:14,7618,7618,93,
2026_03_13,pod_memory_hog_orders_001,ok,normal_wbter4,2026-03-13 10:23:59.001314,2026-03-13 10:28:59.001314,2026-03-13 10:44:10,2026-03-13 10:49:10,7676,7808,92,
2026_03_13,pod_do_fault_catalogue-db_001,ok,normal_wbter4,2026-03-13 10:23:59.001314,2026-03-13 10:28:59.001314,2026-03-13 10:59:15,2026-03-13 11:04:15,8576,8840,77,
2026_03_13,pod_network_partition_orders_001,ok,normal_vml0rz,2026-03-13 11:16:10.484361,2026-03-13 11:21:10.484361,2026-03-13 11:36:37,2026-03-13 11:41:37,7678,7601,92,
2026_03_13,pod_memory_hog_payment_001,ok,normal_vml0rz,2026-03-13 11:16:10.484361,2026-03-13 11:21:10.484361,2026-03-13 11:52:21,2026-03-13 11:57:21,7558,7560,94,
2026_03_13,pod_network_loss_carts_001,ok,normal_vml0rz,2026-03-13 11:16:10.484361,2026-03-13 11:21:10.484361,2026-03-13 12:10:12,2026-03-13 12:15:12,7858,7860,89,
2026_03_13,pod_cpu_hog_carts_001,ok,normal_5pjkzu,2026-03-13 12:25:27.562280,2026-03-13 12:30:27.562280,2026-03-13 12:45:40,2026-03-13 12:50:40,7798,7926,90,
2026_03_13,pod_io_fault_carts-db_001,ok,normal_5pjkzu,2026-03-13 12:25:27.562280,2026-03-13 12:30:27.562280,2026-03-13 13:02:59,2026-03-13 13:07:59,7978,7978,87,
2026_03_13,pod_memory_hog_front-end_001,ok,normal_5pjkzu,2026-03-13 12:25:27.562280,2026-03-13 12:30:27.562280,2026-03-13 13:20:26,2026-03-13 13:25:26,7618,7619,93,
2026_03_13,pod_cpu_hog_payment_001,ok,normal_5pjkzu,2026-03-13 12:25:27.562280,2026-03-13 12:30:27.562280,2026-03-13 13:36:37,2026-03-13 13:41:37,7738,7739,91,
2026_03_13,pod_do_fault_carts-db_001,ok,normal_5sfmer,2026-03-13 14:22:55.833388,2026-03-13 14:27:55.833388,2026-03-13 14:38:25,2026-03-13 14:43:25,8638,8753,76,
2026_03_13,pod_cpu_hog_rabbitmq_001,ok,normal_zr84g6,2026-03-13 15:07:05.478081,2026-03-13 15:12:05.478081,2026-03-13 15:29:36,2026-03-13 15:34:36,7500,7497,95,
2026_03_13,pod_memory_hog_shipping_001,ok,normal_zr84g6,2026-03-13 15:07:05.478081,2026-03-13 15:12:05.478081,2026-03-13 15:44:50,2026-03-13 15:49:50,7560,7686,94,
2026_03_13,pod_memory_hog_queue-master_001,ok,normal_zr84g6,2026-03-13 15:07:05.478081,2026-03-13 15:12:05.478081,2026-03-13 16:07:32,2026-03-13 16:12:32,7560,7560,94,
2026_03_13,pod_network_partition_user_001,ok,normal_zr84g6,2026-03-13 15:07:05.478081,2026-03-13 15:12:05.478081,2026-03-13 16:19:53,2026-03-13 16:24:53,8100,8028,85,
2026_03_13,pod_network_partition_payment_001,ok,normal_zr84g6,2026-03-13 15:07:05.478081,2026-03-13 15:12:05.478081,2026-03-13 16:36:47,2026-03-13 16:41:47,8280,8202,82,
2026_03_13,pod_do_fault_catalogue_001,ok,normal_zr84g6,2026-03-13 15:07:05.478081,2026-03-13 15:12:05.478081,2026-03-13 16:52:30,2026-03-13 16:57:30,7620,7714,93,
2026_03_13,pod_network_loss_user_001,ok,normal_09kuqt,2026-03-13 17:09:40.675278,2026-03-13 17:14:40.675278,2026-03-13 17:23:16,2026-03-13 17:28:16,7799,7798,90,
2026_03_13,pod_io_fault_orders-db_001,ok,normal_fwy5g3,2026-03-13 17:39:46.715499,2026-03-13 17:44:46.715499,2026-03-13 17:54:25,2026-03-13 17:59:25,7740,7869,91,
2026_03_13,pod_network_delay_user_001,ok,normal_fwy5g3,2026-03-13 17:39:46.715499,2026-03-13 17:44:46.715499,2026-03-13 18:11:20,2026-03-13 18:16:20,7680,7793,92,
2026_03_13,pod_network_loss_queue-master_001,ok,normal_fwy5g3,2026-03-13 17:39:46.715499,2026-03-13 17:44:46.715499,2026-03-13 18:29:21,2026-03-13 18:34:21,7680,7677,92,
2026_03_13,pod_network_delay_shipping_001,ok,normal_fwy5g3,2026-03-13 17:39:46.715499,2026-03-13 17:44:46.715499,2026-03-13 18:47:27,2026-03-13 18:52:27,7680,7667,92,
2026_03_13,pod_cpu_hog_carts-db_001,ok,normal_fwy5g3,2026-03-13 17:39:46.715499,2026-03-13 17:44:46.715499,2026-03-13 19:02:51,2026-03-13 19:07:51,7680,7679,92,
2026_03_13,pod_cpu_hog_session-db_001,ok,normal_fwy5g3,2026-03-13 17:39:46.715499,2026-03-13 17:44:46.715499,2026-03-13 19:23:40,2026-03-13 19:28:40,7740,7867,91,
2026_03_13,pod_cpu_hog_orders-db_001,ok,normal_fwy5g3,2026-03-13 17:39:46.715499,2026-03-13 17:44:46.715499,2026-03-13 19:36:22,2026-03-13 19:41:22,7860,7859,89,
2026_03_13,pod_network_delay_queue-master_001,ok,normal_36cj5l,2026-03-13 19:54:28.015491,2026-03-13 19:59:28.015491,2026-03-13 20:08:00,2026-03-13 20:13:00,7918,8052,88,
2026_03_13,pod_do_fault_shipping_001,ok,normal_36cj5l,2026-03-13 19:54:28.015491,2026-03-13 19:59:28.015491,2026-03-13 20:22:06,2026-03-13 20:27:06,8278,8234,82,
2026_03_13,pod_network_loss_shipping_001,ok,normal_tttgve,2026-03-13 20:39:40.607282,2026-03-13 20:44:40.607282,2026-03-13 20:52:20,2026-03-13 20:57:20,7919,8050,88,
2026_03_13,pod_do_fault_queue-master_001,ok,normal_tttgve,2026-03-13 20:39:40.607282,2026-03-13 20:44:40.607282,2026-03-13 21:05:51,2026-03-13 21:10:51,8279,8234,82,
2026_03_13,pod_do_fault_carts_001,ok,normal_pm2dcq,2026-03-13 22:00:56.183354,2026-03-13 22:05:56.183354,2026-03-13 22:14:12,2026-03-13 22:19:12,8400,8352,80,
2026_03_13,pod_cpu_hog_user-db_001,ok,normal_242dbr,2026-03-13 22:32:03.554283,2026-03-13 22:37:03.554283,2026-03-13 22:48:25,2026-03-13 22:53:25,7800,7929,90,
2026_03_13,pod_do_fault_orders-db_001,ok,normal_242dbr,2026-03-13 22:32:03.554283,2026-03-13 22:37:03.554283,2026-03-13 23:05:42,2026-03-13 23:10:42,8280,8248,82,
2026_03_14,pod_do_fault_user_001,ok,normal_5o7uzt,2026-03-14 01:10:41.601753,2026-03-14 01:15:41.601753,2026-03-14 00:11:56,2026-03-14 00:16:56,7859,7827,89,
2026_03_14,pod_do_fault_user-db_001,ok,normal_5o7uzt,2026-03-14 01:10:41.601753,2026-03-14 01:15:41.601753,2026-03-14 00:25:22,2026-03-14 00:30:22,8579,8562,77,
2026_03_14,pod_network_loss_catalogue_001,ok,normal_5o7uzt,2026-03-14 01:10:41.601753,2026-03-14 01:15:41.601753,2026-03-14 00:40:11,2026-03-14 00:45:11,7739,7738,91,
2026_03_14,pod_cpu_hog_queue-master_001,ok,normal_5o7uzt,2026-03-14 01:10:41.601753,2026-03-14 01:15:41.601753,2026-03-14 00:56:06,2026-03-14 01:01:06,7799,7930,90,
2026_03_14,pod_network_loss_queue-master_001,ok,normal_x462ey,2026-03-14 01:29:43.264346,2026-03-14 01:34:43.264346,2026-03-14 01:45:57,2026-03-14 01:50:57,7798,7799,90,
2026_03_14,pod_memory_hog_carts_001,ok,normal_x462ey,2026-03-14 01:29:43.264346,2026-03-14 01:34:43.264346,2026-03-14 02:00:17,2026-03-14 02:05:17,7738,7739,91,
2026_03_14,pod_network_partition_orders_001,ok,normal_x462ey,2026-03-14 01:29:43.264346,2026-03-14 01:34:43.264346,2026-03-14 02:20:42,2026-03-14 02:25:42,7918,7848,88,
2026_03_14,pod_cpu_hog_catalogue_001,ok,normal_gqkmw1,2026-03-14 02:37:00.724531,2026-03-14 02:42:00.724531,2026-03-14 02:51:55,2026-03-14 02:56:55,7739,7868,91,
2026_03_14,pod_cpu_hog_payment_001,ok,normal_gqkmw1,2026-03-14 02:37:00.724531,2026-03-14 02:42:00.724531,2026-03-14 03:10:25,2026-03-14 03:15:25,7799,7928,90,
2026_03_14,pod_memory_hog_catalogue_001,ok,normal_gqkmw1,2026-03-14 02:37:00.724531,2026-03-14 02:42:00.724531,2026-03-14 03:28:25,2026-03-14 03:33:25,7679,7804,92,
2026_03_14,pod_cpu_hog_orders-db_001,ok,normal_gqkmw1,2026-03-14 02:37:00.724531,2026-03-14 02:42:00.724531,2026-03-14 03:42:50,2026-03-14 03:47:50,7799,7926,90,
2026_03_14,pod_cpu_hog_rabbitmq_001,ok,normal_jk7kcs,2026-03-14 04:03:22.732820,2026-03-14 04:08:22.732820,2026-03-14 04:24:01,2026-03-14 04:29:01,7679,7680,92,
2026_03_14,pod_network_partition_catalogue_001,ok,normal_jk7kcs,2026-03-14 04:03:22.732820,2026-03-14 04:08:22.732820,2026-03-14 04:39:30,2026-03-14 04:44:30,7979,8041,87,
2026_03_14,pod_network_delay_catalogue_001,ok,normal_jk7kcs,2026-03-14 04:03:22.732820,2026-03-14 04:08:22.732820,2026-03-14 04:54:31,2026-03-14 04:59:31,7739,7727,91,
2026_03_14,pod_do_fault_payment_001,ok,normal_2qpsuo,2026-03-14 05:24:43.893311,2026-03-14 05:29:43.893311,2026-03-14 05:42:31,2026-03-14 05:47:31,8520,8495,78,
2026_03_14,pod_memory_hog_user_001,ok,normal_2qpsuo,2026-03-14 05:24:43.893311,2026-03-14 05:29:43.893311,2026-03-14 05:55:53,2026-03-14 06:00:53,7860,7990,89,
2026_03_14,pod_network_delay_queue-master_001,ok,normal_2qpsuo,2026-03-14 05:24:43.893311,2026-03-14 05:29:43.893311,2026-03-14 06:15:27,2026-03-14 06:20:27,7860,7858,89,
2026_03_14,pod_do_fault_queue-master_001,ok,normal_2qpsuo,2026-03-14 05:24:43.893311,2026-03-14 05:29:43.893311,2026-03-14 06:29:02,2026-03-14 06:34:02,8040,7990,86,
2026_03_14,pod_memory_hog_payment_001,ok,normal_2qpsuo,2026-03-14 05:24:43.893311,2026-03-14 05:29:43.893311,2026-03-14 06:47:44,2026-03-14 06:52:44,7740,7739,91,
2026_03_14,pod_io_fault_orders-db_001,ok,normal_2qpsuo,2026-03-14 05:24:43.893311,2026-03-14 05:29:43.893311,2026-03-14 07:02:27,2026-03-14 07:07:27,7800,7799,90,
2026_03_14,pod_io_fault_carts-db_001,ok,normal_2qpsuo,2026-03-14 05:24:43.893311,2026-03-14 05:29:43.893311,2026-03-14 07:20:03,2026-03-14 07:25:03,8520,8520,78,
2026_03_14,pod_network_delay_orders_001,ok,normal_2qpsuo,2026-03-14 05:24:43.893311,2026-03-14 05:29:43.893311,2026-03-14 07:33:57,2026-03-14 07:38:57,7740,7668,91,
2026_03_14,pod_network_loss_front-end_001,ok,normal_hibibe,2026-03-14 07:49:40.154315,2026-03-14 07:54:40.154315,2026-03-14 08:07:32,2026-03-14 08:12:32,7737,7739,91,
2026_03_14,pod_cpu_hog_front-end_001,ok,normal_hibibe,2026-03-14 07:49:40.154315,2026-03-14 07:54:40.154315,2026-03-14 08:24:28,2026-03-14 08:29:28,7737,7738,91,
2026_03_14,pod_cpu_hog_carts_001,ok,normal_hibibe,2026-03-14 07:49:40.154315,2026-03-14 07:54:40.154315,2026-03-14 08:41:25,2026-03-14 08:46:25,7737,7868,91,
2026_03_14,pod_memory_hog_queue-master_001,ok,normal_hibibe,2026-03-14 07:49:40.154315,2026-03-14 07:54:40.154315,2026-03-14 08:57:25,2026-03-14 09:02:25,7737,7998,91,
2026_03_14,pod_network_partition_shipping_001,ok,normal_hibibe,2026-03-14 07:49:40.154315,2026-03-14 07:54:40.154315,2026-03-14 09:15:39,2026-03-14 09:20:39,8277,8205,82,
2026_03_14,pod_network_delay_payment_001,ok,normal_hibibe,2026-03-14 07:49:40.154315,2026-03-14 07:54:40.154315,2026-03-14 09:27:50,2026-03-14 09:32:50,7857,7989,89,
2026_03_14,pod_network_partition_user_001,ok,normal_hibibe,2026-03-14 07:49:40.154315,2026-03-14 07:54:40.154315,2026-03-14 09:44:37,2026-03-14 09:49:37,8397,8320,80,
2026_03_14,pod_cpu_hog_user_001,ok,normal_hibibe,2026-03-14 07:49:40.154315,2026-03-14 07:54:40.154315,2026-03-14 10:00:15,2026-03-14 10:05:15,7797,7926,90,
2026_03_14,pod_java_exception_shipping_001,ok,normal_hibibe,2026-03-14 07:49:40.154315,2026-03-14 07:54:40.154315,2026-03-14 10:15:32,2026-03-14 10:20:32,8457,8454,79,
2026_03_14,pod_cpu_hog_carts-db_001,ok,normal_hibibe,2026-03-14 07:49:40.154315,2026-03-14 07:54:40.154315,2026-03-14 10:30:43,2026-03-14 10:35:43,7737,7738,91,
2026_03_14,pod_do_fault_catalogue_001,ok,normal_hibibe,2026-03-14 07:49:40.154315,2026-03-14 07:54:40.154315,2026-03-14 10:46:30,2026-03-14 10:51:30,8097,8203,85,
2026_03_14,pod_network_delay_front-end_001,ok,normal_hibibe,2026-03-14 07:49:40.154315,2026-03-14 07:54:40.154315,2026-03-14 10:59:37,2026-03-14 11:04:37,7737,7788,91,
2026_03_14,pod_do_fault_carts_001,ok,normal_hibibe,2026-03-14 07:49:40.154315,2026-03-14 07:54:40.154315,2026-03-14 11:13:58,2026-03-14 11:18:58,8457,8412,79,
2026_03_14,pod_network_partition_front-end_001,ok,normal_hibibe,2026-03-14 07:49:40.154315,2026-03-14 07:54:40.154315,2026-03-14 11:28:41,2026-03-14 11:33:41,7857,7788,89,
2026_03_14,pod_network_partition_carts_001,ok,normal_xcgtuh,2026-03-14 12:21:03.042273,2026-03-14 12:26:03.042273,2026-03-14 12:34:09,2026-03-14 12:39:09,8099,8027,85,
2026_03_14,pod_network_partition_queue-master_001,ok,normal_xcgtuh,2026-03-14 12:21:03.042273,2026-03-14 12:26:03.042273,2026-03-14 12:50:49,2026-03-14 12:55:49,7739,7703,91,
2026_03_14,pod_network_loss_shipping_001,ok,normal_g8wi5t,2026-03-14 13:35:18.902354,2026-03-14 13:40:18.902354,2026-03-14 13:53:34,2026-03-14 13:58:34,7857,7858,89,
2026_03_14,pod_network_partition_payment_001,ok,normal_dv50op,2026-03-14 14:09:25.636239,2026-03-14 14:14:25.636239,2026-03-14 14:22:37,2026-03-14 14:27:37,8339,8267,81,
2026_03_14,pod_cpu_hog_orders_001,ok,normal_dv50op,2026-03-14 14:09:25.636239,2026-03-14 14:14:25.636239,2026-03-14 14:44:07,2026-03-14 14:49:07,7679,7680,92,
2026_03_14,pod_network_loss_orders_001,ok,normal_dv50op,2026-03-14 14:09:25.636239,2026-03-14 14:14:25.636239,2026-03-14 15:00:34,2026-03-14 15:05:34,7739,7738,91,
2026_03_14,pod_cpu_hog_catalogue-db_001,ok,normal_4b6xoa,2026-03-14 15:20:43.701294,2026-03-14 15:25:43.701294,2026-03-14 15:35:39,2026-03-14 15:40:39,7740,7739,91,
2026_03_14,pod_memory_hog_orders_001,ok,normal_4b6xoa,2026-03-14 15:20:43.701294,2026-03-14 15:25:43.701294,2026-03-14 15:56:32,2026-03-14 16:01:32,7800,7930,90,
2026_03_14,pod_network_loss_user_001,ok,normal_4b6xoa,2026-03-14 15:20:43.701294,2026-03-14 15:25:43.701294,2026-03-14 16:11:27,2026-03-14 16:16:27,7800,7798,90,
2026_03_14,pod_do_fault_shipping_001,ok,normal_4b6xoa,2026-03-14 15:20:43.701294,2026-03-14 15:25:43.701294,2026-03-14 16:24:14,2026-03-14 16:29:14,8520,8474,78,
2026_03_14,pod_do_fault_orders_001,ok,normal_jde3oo,2026-03-14 16:44:06.871174,2026-03-14 16:49:06.871174,2026-03-14 17:01:01,2026-03-14 17:06:01,8218,8175,83,
2026_03_14,pod_do_fault_carts-db_001,ok,normal_jde3oo,2026-03-14 16:44:06.871174,2026-03-14 16:49:06.871174,2026-03-14 17:17:31,2026-03-14 17:22:31,8518,8490,78,
2026_03_14,pod_io_fault_user-db_001,ok,normal_jde3oo,2026-03-14 16:44:06.871174,2026-03-14 16:49:06.871174,2026-03-14 17:38:25,2026-03-14 17:43:25,7918,8052,88,
2026_03_14,pod_do_fault_orders-db_001,ok,normal_jde3oo,2026-03-14 16:44:06.871174,2026-03-14 16:49:06.871174,2026-03-14 17:52:58,2026-03-14 17:57:58,8218,8189,83,
2026_03_14,pod_memory_hog_front-end_001,ok,normal_2x85u7,2026-03-14 18:10:29.174051,2026-03-14 18:15:29.174051,2026-03-14 18:23:54,2026-03-14 18:28:54,7859,7860,89,
2026_03_14,pod_network_delay_carts_001,ok,normal_2x85u7,2026-03-14 18:10:29.174051,2026-03-14 18:15:29.174051,2026-03-14 18:37:06,2026-03-14 18:42:06,7799,7783,90,
2026_03_14,pod_memory_hog_shipping_001,ok,normal_2x85u7,2026-03-14 18:10:29.174051,2026-03-14 18:15:29.174051,2026-03-14 18:52:29,2026-03-14 18:57:29,7799,7799,90,
2026_03_14,pod_cpu_hog_session-db_001,ok,normal_2x85u7,2026-03-14 18:10:29.174051,2026-03-14 18:15:29.174051,2026-03-14 19:09:37,2026-03-14 19:14:37,7799,7797,90,
2026_03_14,pod_network_loss_payment_001,ok,normal_2x85u7,2026-03-14 18:10:29.174051,2026-03-14 18:15:29.174051,2026-03-14 19:24:43,2026-03-14 19:29:43,7799,7798,90,
2026_03_14,pod_java_exception_carts_001,ok,normal_2x85u7,2026-03-14 18:10:29.174051,2026-03-14 18:15:29.174051,2026-03-14 19:42:53,2026-03-14 19:47:53,8159,8159,84,
2026_03_14,pod_cpu_hog_user-db_001,ok,normal_j0ykq8,2026-03-14 20:00:04.341432,2026-03-14 20:05:04.341432,2026-03-14 20:14:16,2026-03-14 20:19:16,7855,7859,89,
2026_03_14,pod_network_delay_shipping_001,ok,normal_j0ykq8,2026-03-14 20:00:04.341432,2026-03-14 20:05:04.341432,2026-03-14 20:33:22,2026-03-14 20:38:22,7915,7916,88,
2026_03_14,pod_network_delay_user_001,ok,normal_j0ykq8,2026-03-14 20:00:04.341432,2026-03-14 20:05:04.341432,2026-03-14 20:55:14,2026-03-14 21:00:14,7915,8039,88,
2026_03_14,pod_java_exception_orders_001,ok,normal_u60hpv,2026-03-14 21:12:21.706051,2026-03-14 21:17:21.706051,2026-03-14 21:30:21,2026-03-14 21:35:21,8219,8219,83,
2026_03_14,pod_do_fault_catalogue-db_001,ok,normal_u60hpv,2026-03-14 21:12:21.706051,2026-03-14 21:17:21.706051,2026-03-14 21:50:26,2026-03-14 21:55:26,8579,8549,77,
2026_03_14,pod_do_fault_front-end_001,ok,normal_u60hpv,2026-03-14 21:12:21.706051,2026-03-14 21:17:21.706051,2026-03-14 22:06:04,2026-03-14 22:11:04,7979,7948,87,
2026_03_14,pod_cpu_hog_shipping_001,ok,normal_u60hpv,2026-03-14 21:12:21.706051,2026-03-14 21:17:21.706051,2026-03-14 22:19:24,2026-03-14 22:24:24,7859,7860,89,
2026_03_14,pod_network_loss_carts_001,ok,normal_u60hpv,2026-03-14 21:12:21.706051,2026-03-14 21:17:21.706051,2026-03-14 22:37:13,2026-03-14 22:42:13,7799,7800,90,
2026_03_17,pod_network_partition_queue-master_001,ok,normal_04ivk0,2026-03-17 02:41:12.372677,2026-03-17 02:46:12.372677,2026-03-17 00:16:29,2026-03-17 00:21:29,7740,7668,91,
2026_03_17,pod_cpu_hog_carts-db_001,ok,normal_04ivk0,2026-03-17 02:41:12.372677,2026-03-17 02:46:12.372677,2026-03-17 00:31:02,2026-03-17 00:36:02,7680,7679,92,
2026_03_17,pod_network_delay_catalogue_001,ok,normal_04ivk0,2026-03-17 02:41:12.372677,2026-03-17 02:46:12.372677,2026-03-17 00:44:51,2026-03-17 00:49:51,7680,7679,92,
2026_03_17,pod_cpu_hog_carts_001,ok,normal_04ivk0,2026-03-17 02:41:12.372677,2026-03-17 02:46:12.372677,2026-03-17 01:01:58,2026-03-17 01:06:58,7740,7739,91,
2026_03_17,pod_network_loss_front-end_001,ok,normal_04ivk0,2026-03-17 02:41:12.372677,2026-03-17 02:46:12.372677,2026-03-17 01:17:40,2026-03-17 01:22:40,7680,7806,92,
2026_03_17,pod_network_delay_carts_001,ok,normal_04ivk0,2026-03-17 02:41:12.372677,2026-03-17 02:46:12.372677,2026-03-17 01:34:57,2026-03-17 01:39:57,7680,7668,92,
2026_03_17,pod_network_partition_payment_001,ok,normal_04ivk0,2026-03-17 02:41:12.372677,2026-03-17 02:46:12.372677,2026-03-17 01:51:38,2026-03-17 01:56:38,8280,8205,82,
2026_03_17,pod_do_fault_shipping_001,ok,normal_04ivk0,2026-03-17 02:41:12.372677,2026-03-17 02:46:12.372677,2026-03-17 02:08:07,2026-03-17 02:13:07,8400,8340,80,
2026_03_17,pod_cpu_hog_shipping_001,ok,normal_04ivk0,2026-03-17 02:41:12.372677,2026-03-17 02:46:12.372677,2026-03-17 02:24:16,2026-03-17 02:29:16,7680,7680,92,
2026_03_17,pod_cpu_hog_session-db_001,ok,normal_04ivk0,2026-03-17 02:41:12.372677,2026-03-17 02:46:12.372677,2026-03-17 02:58:14,2026-03-17 03:03:14,7800,7925,90,
2026_03_17,pod_network_loss_payment_001,ok,normal_ndhw98,2026-03-17 03:13:18.311438,2026-03-17 03:18:18.311438,2026-03-17 03:30:58,2026-03-17 03:35:58,7739,7739,91,
2026_03_17,pod_network_delay_queue-master_001,ok,normal_ndhw98,2026-03-17 03:13:18.311438,2026-03-17 03:18:18.311438,2026-03-17 03:42:44,2026-03-17 03:47:44,7679,7676,92,
2026_03_17,pod_java_exception_carts_001,ok,normal_ndhw98,2026-03-17 03:13:18.311438,2026-03-17 03:18:18.311438,2026-03-17 04:00:45,2026-03-17 04:05:45,8099,8235,85,
2026_03_17,pod_cpu_hog_front-end_001,ok,normal_ndhw98,2026-03-17 03:13:18.311438,2026-03-17 03:18:18.311438,2026-03-17 04:21:58,2026-03-17 04:26:58,7679,7680,92,
2026_03_17,pod_io_fault_carts-db_001,ok,normal_jzl25y,2026-03-17 04:40:38.172470,2026-03-17 04:45:38.172470,2026-03-17 05:01:19,2026-03-17 05:06:19,7857,7858,89,
2026_03_17,pod_network_partition_catalogue_001,ok,normal_jzl25y,2026-03-17 04:40:38.172470,2026-03-17 04:45:38.172470,2026-03-17 05:15:55,2026-03-17 05:20:55,7857,7919,89,
2026_03_17,pod_cpu_hog_catalogue-db_001,ok,normal_jzl25y,2026-03-17 04:40:38.172470,2026-03-17 04:45:38.172470,2026-03-17 05:32:16,2026-03-17 05:37:16,7857,7858,89,
2026_03_17,pod_do_fault_carts-db_001,ok,normal_j7ogs5,2026-03-17 06:07:54.804322,2026-03-17 06:12:54.804322,2026-03-17 06:27:22,2026-03-17 06:32:22,8637,8609,76,
2026_03_17,pod_do_fault_user_001,ok,normal_j7ogs5,2026-03-17 06:07:54.804322,2026-03-17 06:12:54.804322,2026-03-17 06:42:10,2026-03-17 06:47:10,8157,8270,84,
2026_03_17,pod_network_loss_shipping_001,ok,normal_5jodm6,2026-03-17 06:57:07.795296,2026-03-17 07:02:07.795296,2026-03-17 07:13:09,2026-03-17 07:18:09,7681,7557,94,
2026_03_17,pod_memory_hog_payment_001,ok,normal_5jodm6,2026-03-17 06:57:07.795296,2026-03-17 07:02:07.795296,2026-03-17 07:34:10,2026-03-17 07:39:10,7620,7623,95,
2026_03_17,pod_do_fault_catalogue-db_001,ok,normal_5jodm6,2026-03-17 06:57:07.795296,2026-03-17 07:02:07.795296,2026-03-17 07:49:47,2026-03-17 07:54:47,8413,8250,82,
2026_03_17,pod_network_loss_queue-master_001,ok,normal_5jodm6,2026-03-17 06:57:07.795296,2026-03-17 07:02:07.795296,2026-03-17 08:04:07,2026-03-17 08:09:07,7864,7739,91,
2026_03_17,pod_memory_hog_catalogue_001,ok,normal_p7e8t8,2026-03-17 08:23:28.142358,2026-03-17 08:28:28.142358,2026-03-17 08:38:57,2026-03-17 08:43:57,7555,7559,94,
2026_03_17,pod_java_exception_shipping_001,ok,normal_p7e8t8,2026-03-17 08:23:28.142358,2026-03-17 08:28:28.142358,2026-03-17 08:58:19,2026-03-17 09:03:19,8275,8416,82,
2026_03_17,pod_network_partition_carts_001,ok,normal_gy6yvz,2026-03-17 09:27:43.530504,2026-03-17 09:32:43.530504,2026-03-17 09:44:37,2026-03-17 09:49:37,8039,7961,86,
2026_03_17,pod_memory_hog_user_001,ok,normal_dw3pj8,2026-03-17 10:01:49.831496,2026-03-17 10:06:49.831496,2026-03-17 10:16:11,2026-03-17 10:21:11,7560,7559,94,
2026_03_17,pod_do_fault_queue-master_001,ok,normal_dw3pj8,2026-03-17 10:01:49.831496,2026-03-17 10:06:49.831496,2026-03-17 10:30:20,2026-03-17 10:35:20,7860,7940,89,
2026_03_17,pod_do_fault_payment_001,ok,normal_dw3pj8,2026-03-17 10:01:49.831496,2026-03-17 10:06:49.831496,2026-03-17 10:48:51,2026-03-17 10:53:51,8220,8190,83,
2026_03_17,pod_network_delay_shipping_001,ok,normal_dw3pj8,2026-03-17 10:01:49.831496,2026-03-17 10:06:49.831496,2026-03-17 11:06:13,2026-03-17 11:11:13,7680,7679,92,
2026_03_17,pod_network_partition_shipping_001,ok,normal_dw3pj8,2026-03-17 10:01:49.831496,2026-03-17 10:06:49.831496,2026-03-17 11:22:09,2026-03-17 11:27:09,8160,8081,84,
2026_03_17,pod_do_fault_user-db_001,ok,normal_dw3pj8,2026-03-17 10:01:49.831496,2026-03-17 10:06:49.831496,2026-03-17 11:43:01,2026-03-17 11:48:01,8280,8263,82,
2026_03_17,pod_cpu_hog_queue-master_001,ok,normal_dw3pj8,2026-03-17 10:01:49.831496,2026-03-17 10:06:49.831496,2026-03-17 11:57:53,2026-03-17 12:02:53,7440,7562,96,
2026_03_17,pod_network_delay_user_001,ok,normal_c9edqy,2026-03-17 12:14:24.362317,2026-03-17 12:19:24.362317,2026-03-17 12:29:36,2026-03-17 12:34:36,7440,7425,96,
2026_03_17,pod_cpu_hog_catalogue_001,ok,normal_c9edqy,2026-03-17 12:14:24.362317,2026-03-17 12:19:24.362317,2026-03-17 12:43:25,2026-03-17 12:48:25,7500,7625,95,
2026_03_17,pod_network_partition_user_001,ok,normal_c9edqy,2026-03-17 12:14:24.362317,2026-03-17 12:19:24.362317,2026-03-17 12:58:30,2026-03-17 13:03:30,8160,8352,84,
2026_03_17,pod_do_fault_catalogue_001,ok,normal_c9edqy,2026-03-17 12:14:24.362317,2026-03-17 12:19:24.362317,2026-03-17 13:15:36,2026-03-17 13:20:36,7740,7705,91,
2026_03_17,pod_cpu_hog_orders_001,ok,normal_c9edqy,2026-03-17 12:14:24.362317,2026-03-17 12:19:24.362317,2026-03-17 13:37:30,2026-03-17 13:42:30,7680,7807,92,
2026_03_17,pod_network_delay_orders_001,ok,normal_c9edqy,2026-03-17 12:14:24.362317,2026-03-17 12:19:24.362317,2026-03-17 13:52:18,2026-03-17 13:57:18,7620,7608,93,
2026_03_17,pod_memory_hog_orders_001,ok,normal_jqktun,2026-03-17 14:10:57.881945,2026-03-17 14:15:57.881945,2026-03-17 14:31:28,2026-03-17 14:36:28,7737,7740,91,
2026_03_17,pod_cpu_hog_rabbitmq_001,ok,normal_jqktun,2026-03-17 14:10:57.881945,2026-03-17 14:15:57.881945,2026-03-17 14:48:58,2026-03-17 14:53:58,7677,7677,92,
2026_03_17,pod_network_delay_payment_001,ok,normal_of8vhz,2026-03-17 15:07:09.404315,2026-03-17 15:12:09.404315,2026-03-17 15:24:46,2026-03-17 15:29:46,7678,7679,92,
2026_03_17,pod_java_exception_orders_001,ok,normal_c0se4t,2026-03-17 15:39:15.120627,2026-03-17 15:44:15.120627,2026-03-17 15:56:42,2026-03-17 16:01:42,8159,8296,84,
2026_03_17,pod_do_fault_orders_001,ok,normal_c0se4t,2026-03-17 15:39:15.120627,2026-03-17 15:44:15.120627,2026-03-17 16:13:21,2026-03-17 16:18:21,8339,8268,81,
2026_03_17,pod_network_loss_carts_001,ok,normal_c0se4t,2026-03-17 15:39:15.120627,2026-03-17 15:44:15.120627,2026-03-17 16:30:33,2026-03-17 16:35:33,7679,7679,92,
2026_03_17,pod_do_fault_carts_001,ok,normal_c0se4t,2026-03-17 15:39:15.120627,2026-03-17 15:44:15.120627,2026-03-17 16:44:33,2026-03-17 16:49:33,8579,8516,77,
2026_03_17,pod_network_loss_catalogue_001,ok,normal_c0se4t,2026-03-17 15:39:15.120627,2026-03-17 15:44:15.120627,2026-03-17 17:03:42,2026-03-17 17:08:42,7679,7680,92,
2026_03_17,pod_network_delay_front-end_001,ok,normal_c0se4t,2026-03-17 15:39:15.120627,2026-03-17 15:44:15.120627,2026-03-17 17:17:18,2026-03-17 17:22:18,7679,7654,92,
2026_03_17,pod_cpu_hog_user_001,ok,normal_d7r2xr,2026-03-17 17:33:50.322598,2026-03-17 17:38:50.322598,2026-03-17 17:48:39,2026-03-17 17:53:39,7620,7618,93,
2026_03_17,pod_network_loss_orders_001,ok,normal_yu8ncu,2026-03-17 18:03:55.858553,2026-03-17 18:08:55.858553,2026-03-17 18:18:55,2026-03-17 18:23:55,7859,7988,89,
2026_03_17,pod_memory_hog_carts_001,ok,normal_yu8ncu,2026-03-17 18:03:55.858553,2026-03-17 18:08:55.858553,2026-03-17 18:33:58,2026-03-17 18:38:58,7559,7559,94,
2026_03_17,pod_memory_hog_front-end_001,ok,normal_foa0mx,2026-03-17 18:49:08.310905,2026-03-17 18:54:08.310905,2026-03-17 19:07:50,2026-03-17 19:12:50,7557,7683,94,
2026_03_17,pod_cpu_hog_user-db_001,ok,normal_foa0mx,2026-03-17 18:49:08.310905,2026-03-17 18:54:08.310905,2026-03-17 19:23:27,2026-03-17 19:28:27,7737,7737,91,
2026_03_17,pod_network_loss_user_001,ok,normal_foa0mx,2026-03-17 18:49:08.310905,2026-03-17 18:54:08.310905,2026-03-17 19:38:09,2026-03-17 19:43:09,7557,7560,94,
2026_03_17,pod_network_partition_orders_001,ok,normal_foa0mx,2026-03-17 18:49:08.310905,2026-03-17 18:54:08.310905,2026-03-17 19:52:46,2026-03-17 19:57:46,7857,7785,89,
2026_03_17,pod_do_fault_orders-db_001,ok,normal_foa0mx,2026-03-17 18:49:08.310905,2026-03-17 18:54:08.310905,2026-03-17 20:12:00,2026-03-17 20:17:00,7977,8082,87,
2026_03_17,pod_memory_hog_queue-master_001,ok,normal_y0opgl,2026-03-17 20:31:36.047650,2026-03-17 20:36:36.047650,2026-03-17 20:50:14,2026-03-17 20:55:14,7559,7560,94,
2026_03_17,pod_cpu_hog_orders-db_001,ok,normal_y0opgl,2026-03-17 20:31:36.047650,2026-03-17 20:36:36.047650,2026-03-17 21:03:26,2026-03-17 21:08:26,7559,7558,94,
2026_03_17,pod_cpu_hog_payment_001,ok,normal_y0opgl,2026-03-17 20:31:36.047650,2026-03-17 20:36:36.047650,2026-03-17 21:20:26,2026-03-17 21:25:26,7679,7679,92,
2026_03_17,pod_memory_hog_shipping_001,ok,normal_y0opgl,2026-03-17 20:31:36.047650,2026-03-17 20:36:36.047650,2026-03-17 21:34:02,2026-03-17 21:39:02,7559,7558,94,
2026_03_17,pod_io_fault_orders-db_001,ok,normal_y0opgl,2026-03-17 20:31:36.047650,2026-03-17 20:36:36.047650,2026-03-17 21:52:04,2026-03-17 21:57:04,7919,7918,88,
2026_03_17,pod_do_fault_front-end_001,ok,normal_y0opgl,2026-03-17 20:31:36.047650,2026-03-17 20:36:36.047650,2026-03-17 22:07:59,2026-03-17 22:12:59,7859,7825,89,
2026_03_17,pod_network_partition_front-end_001,ok,normal_y0opgl,2026-03-17 20:31:36.047650,2026-03-17 20:36:36.047650,2026-03-17 22:26:31,2026-03-17 22:31:31,7739,7660,91,
2026_03_17,pod_io_fault_user-db_001,ok,normal_aovtml,2026-03-17 22:57:15.576172,2026-03-17 23:02:15.576172,2026-03-17 23:11:49,2026-03-17 23:16:49,7808,7680,92,
2026_03_18,pod_java_exception_carts_001,ok,normal_hj1rdd,2026-03-18 01:34:21.952473,2026-03-18 01:39:21.952473,2026-03-18 00:11:11,2026-03-18 00:16:11,8279,8280,82,
2026_03_18,pod_cpu_hog_carts_001,ok,normal_hj1rdd,2026-03-18 01:34:21.952473,2026-03-18 01:39:21.952473,2026-03-18 00:27:03,2026-03-18 00:32:03,7679,7680,92,
2026_03_18,pod_network_partition_queue-master_001,ok,normal_hj1rdd,2026-03-18 01:34:21.952473,2026-03-18 01:39:21.952473,2026-03-18 00:42:27,2026-03-18 00:47:27,7739,7700,91,
2026_03_18,pod_io_fault_orders-db_001,ok,normal_hj1rdd,2026-03-18 01:34:21.952473,2026-03-18 01:39:21.952473,2026-03-18 00:55:28,2026-03-18 01:00:28,7739,7866,91,
2026_03_18,pod_network_partition_shipping_001,ok,normal_hj1rdd,2026-03-18 01:34:21.952473,2026-03-18 01:39:21.952473,2026-03-18 01:16:03,2026-03-18 01:21:03,8159,8087,84,
2026_03_18,pod_network_partition_user_001,ok,normal_6y4bz4,2026-03-18 01:48:23.614542,2026-03-18 01:53:23.614542,2026-03-18 02:04:24,2026-03-18 02:09:24,8280,8206,82,
2026_03_18,pod_network_loss_catalogue_001,ok,normal_6y4bz4,2026-03-18 01:48:23.614542,2026-03-18 01:53:23.614542,2026-03-18 02:20:15,2026-03-18 02:25:15,7680,7806,92,
2026_03_18,pod_java_exception_shipping_001,ok,normal_6y4bz4,2026-03-18 01:48:23.614542,2026-03-18 01:53:23.614542,2026-03-18 02:38:05,2026-03-18 02:43:05,8220,8354,83,
2026_03_18,pod_do_fault_carts-db_001,ok,normal_j6ied6,2026-03-18 02:54:43.717550,2026-03-18 02:59:43.717550,2026-03-18 03:13:31,2026-03-18 03:18:31,8520,8489,78,
2026_03_18,pod_network_partition_payment_001,ok,normal_j6ied6,2026-03-18 02:54:43.717550,2026-03-18 02:59:43.717550,2026-03-18 03:27:34,2026-03-18 03:32:34,8280,8200,82,
2026_03_18,pod_memory_hog_orders_001,ok,normal_j6ied6,2026-03-18 02:54:43.717550,2026-03-18 02:59:43.717550,2026-03-18 03:44:07,2026-03-18 03:49:07,7740,7740,91,
2026_03_18,pod_network_loss_user_001,ok,normal_j6ied6,2026-03-18 02:54:43.717550,2026-03-18 02:59:43.717550,2026-03-18 03:59:48,2026-03-18 04:04:48,7740,7868,91,
2026_03_18,pod_cpu_hog_orders_001,ok,normal_ls8rf1,2026-03-18 04:17:05.452546,2026-03-18 04:22:05.452546,2026-03-18 04:28:40,2026-03-18 04:33:40,7738,7867,91,
2026_03_18,pod_network_loss_orders_001,ok,normal_ls8rf1,2026-03-18 04:17:05.452546,2026-03-18 04:22:05.452546,2026-03-18 04:47:49,2026-03-18 04:52:49,8098,8099,85,
2026_03_18,pod_network_partition_orders_001,ok,normal_ls8rf1,2026-03-18 04:17:05.452546,2026-03-18 04:22:05.452546,2026-03-18 05:04:38,2026-03-18 05:09:38,7918,7847,88,
2026_03_18,pod_network_delay_user_001,ok,normal_ls8rf1,2026-03-18 04:17:05.452546,2026-03-18 04:22:05.452546,2026-03-18 05:22:23,2026-03-18 05:27:23,7738,7728,91,
2026_03_18,pod_memory_hog_shipping_001,ok,normal_bca2kx,2026-03-18 05:55:30.988444,2026-03-18 06:00:30.988444,2026-03-18 06:09:49,2026-03-18 06:14:49,7502,7380,97,
2026_03_18,pod_do_fault_shipping_001,ok,normal_bca2kx,2026-03-18 05:55:30.988444,2026-03-18 06:00:30.988444,2026-03-18 06:30:11,2026-03-18 06:35:11,8417,8235,82,
2026_03_18,pod_do_fault_orders-db_001,ok,normal_bca2kx,2026-03-18 05:55:30.988444,2026-03-18 06:00:30.988444,2026-03-18 06:45:23,2026-03-18 06:50:23,7868,7709,91,
2026_03_18,pod_do_fault_user-db_001,ok,normal_bca2kx,2026-03-18 05:55:30.988444,2026-03-18 06:00:30.988444,2026-03-18 07:00:41,2026-03-18 07:05:41,8417,8248,82,
2026_03_18,pod_memory_hog_queue-master_001,ok,normal_bca2kx,2026-03-18 05:55:30.988444,2026-03-18 06:00:30.988444,2026-03-18 07:19:10,2026-03-18 07:24:10,7929,7930,90,
2026_03_18,pod_network_delay_catalogue_001,ok,normal_n7z9uv,2026-03-18 07:34:58.160315,2026-03-18 07:39:58.160315,2026-03-18 07:49:56,2026-03-18 07:54:56,7679,7679,92,
2026_03_18,pod_io_fault_user-db_001,ok,normal_n7z9uv,2026-03-18 07:34:58.160315,2026-03-18 07:39:58.160315,2026-03-18 08:04:55,2026-03-18 08:09:55,7739,7869,91,
2026_03_18,pod_network_partition_catalogue_001,ok,normal_n7z9uv,2026-03-18 07:34:58.160315,2026-03-18 07:39:58.160315,2026-03-18 08:20:27,2026-03-18 08:25:27,8039,7967,86,
2026_03_18,pod_cpu_hog_rabbitmq_001,ok,normal_o1na81,2026-03-18 08:36:14.816665,2026-03-18 08:41:14.816665,2026-03-18 08:55:12,2026-03-18 09:00:12,7857,7990,89,
2026_03_18,pod_network_delay_payment_001,ok,normal_o1na81,2026-03-18 08:36:14.816665,2026-03-18 08:41:14.816665,2026-03-18 09:11:20,2026-03-18 09:16:20,7497,7623,95,
2026_03_18,pod_memory_hog_payment_001,ok,normal_o1na81,2026-03-18 08:36:14.816665,2026-03-18 08:41:14.816665,2026-03-18 09:28:31,2026-03-18 09:33:31,7557,7560,94,
2026_03_18,pod_network_loss_carts_001,ok,normal_o1na81,2026-03-18 08:36:14.816665,2026-03-18 08:41:14.816665,2026-03-18 09:42:17,2026-03-18 09:47:17,7497,7497,95,
2026_03_18,pod_java_exception_orders_001,ok,normal_byp733,2026-03-18 09:58:35.456330,2026-03-18 10:03:35.456330,2026-03-18 10:18:32,2026-03-18 10:23:32,7989,7858,89,
2026_03_18,pod_network_loss_shipping_001,ok,normal_byp733,2026-03-18 09:58:35.456330,2026-03-18 10:03:35.456330,2026-03-18 10:32:48,2026-03-18 10:37:48,7806,7679,92,
2026_03_18,pod_memory_hog_catalogue_001,ok,normal_byp733,2026-03-18 09:58:35.456330,2026-03-18 10:03:35.456330,2026-03-18 10:50:22,2026-03-18 10:55:22,7745,7619,93,
2026_03_18,pod_do_fault_catalogue-db_001,ok,normal_byp733,2026-03-18 09:58:35.456330,2026-03-18 10:03:35.456330,2026-03-18 11:07:37,2026-03-18 11:12:37,8477,8325,81,
2026_03_18,pod_network_delay_shipping_001,ok,normal_8hawjs,2026-03-18 12:00:04.411299,2026-03-18 12:05:04.411299,2026-03-18 12:18:02,2026-03-18 12:23:02,7559,7559,94,
2026_03_18,pod_network_loss_front-end_001,ok,normal_8hawjs,2026-03-18 12:00:04.411299,2026-03-18 12:05:04.411299,2026-03-18 12:36:16,2026-03-18 12:41:16,7499,7498,95,
2026_03_18,pod_cpu_hog_carts-db_001,ok,normal_yjla0s,2026-03-18 12:53:17.133354,2026-03-18 12:58:17.133354,2026-03-18 13:12:42,2026-03-18 13:17:42,7678,7678,92,
2026_03_18,pod_memory_hog_front-end_001,ok,normal_8tjbjl,2026-03-18 13:31:25.195352,2026-03-18 13:36:25.195352,2026-03-18 13:47:48,2026-03-18 13:52:48,7558,7559,94,
2026_03_18,pod_network_partition_carts_001,ok,normal_8tjbjl,2026-03-18 13:31:25.195352,2026-03-18 13:36:25.195352,2026-03-18 14:03:44,2026-03-18 14:08:44,8158,8087,84,
2026_03_18,pod_memory_hog_user_001,ok,normal_8tjbjl,2026-03-18 13:31:25.195352,2026-03-18 13:36:25.195352,2026-03-18 14:22:29,2026-03-18 14:27:29,7678,7680,92,
2026_03_18,pod_do_fault_orders_001,ok,normal_8tjbjl,2026-03-18 13:31:25.195352,2026-03-18 13:36:25.195352,2026-03-18 14:36:45,2026-03-18 14:41:45,7978,8067,87,
2026_03_18,pod_cpu_hog_payment_001,ok,normal_8tjbjl,2026-03-18 13:31:25.195352,2026-03-18 13:36:25.195352,2026-03-18 14:55:21,2026-03-18 15:00:21,7738,7867,91,
2026_03_18,pod_do_fault_carts_001,ok,normal_8tjbjl,2026-03-18 13:31:25.195352,2026-03-18 13:36:25.195352,2026-03-18 15:09:52,2026-03-18 15:14:52,8638,8563,76,
2026_03_18,pod_network_loss_queue-master_001,ok,normal_8tjbjl,2026-03-18 13:31:25.195352,2026-03-18 13:36:25.195352,2026-03-18 15:32:15,2026-03-18 15:37:15,7618,7747,93,
2026_03_18,pod_do_fault_catalogue_001,ok,normal_8tjbjl,2026-03-18 13:31:25.195352,2026-03-18 13:36:25.195352,2026-03-18 15:50:36,2026-03-18 15:55:36,8038,8014,86,
2026_03_18,pod_network_delay_front-end_001,ok,normal_8tjbjl,2026-03-18 13:31:25.195352,2026-03-18 13:36:25.195352,2026-03-18 16:05:15,2026-03-18 16:10:15,7678,7795,92,
2026_03_18,pod_network_delay_queue-master_001,ok,normal_s1juc7,2026-03-18 16:21:11.143250,2026-03-18 16:26:11.143250,2026-03-18 16:40:06,2026-03-18 16:45:06,7620,7618,93,
2026_03_18,pod_network_delay_carts_001,ok,normal_s1juc7,2026-03-18 16:21:11.143250,2026-03-18 16:26:11.143250,2026-03-18 16:56:36,2026-03-18 17:01:36,7800,7918,90,
2026_03_18,pod_cpu_hog_catalogue_001,ok,normal_s1juc7,2026-03-18 16:21:11.143250,2026-03-18 16:26:11.143250,2026-03-18 17:15:07,2026-03-18 17:20:07,7620,7620,93,
2026_03_18,pod_cpu_hog_catalogue-db_001,ok,normal_s1juc7,2026-03-18 16:21:11.143250,2026-03-18 16:26:11.143250,2026-03-18 17:30:36,2026-03-18 17:35:36,7620,7618,93,
2026_03_18,pod_network_partition_front-end_001,ok,normal_s1juc7,2026-03-18 16:21:11.143250,2026-03-18 16:26:11.143250,2026-03-18 17:43:39,2026-03-18 17:48:39,7800,7727,90,
2026_03_18,pod_network_delay_orders_001,ok,normal_s1juc7,2026-03-18 16:21:11.143250,2026-03-18 16:26:11.143250,2026-03-18 18:04:16,2026-03-18 18:09:16,7620,7608,93,
2026_03_18,pod_cpu_hog_shipping_001,ok,normal_b92u9d,2026-03-18 18:23:44.251395,2026-03-18 18:28:44.251395,2026-03-18 18:40:47,2026-03-18 18:45:47,7619,7618,93,
2026_03_18,pod_cpu_hog_orders-db_001,ok,normal_w775kr,2026-03-18 18:56:51.074627,2026-03-18 19:01:51.074627,2026-03-18 19:08:13,2026-03-18 19:13:13,7930,7799,90,
2026_03_18,pod_cpu_hog_front-end_001,ok,normal_w775kr,2026-03-18 18:56:51.074627,2026-03-18 19:01:51.074627,2026-03-18 19:24:48,2026-03-18 19:29:48,7991,7858,89,
2026_03_18,pod_memory_hog_carts_001,ok,normal_w775kr,2026-03-18 18:56:51.074627,2026-03-18 19:01:51.074627,2026-03-18 19:40:45,2026-03-18 19:45:45,7930,7930,90,
2026_03_18,pod_cpu_hog_queue-master_001,ok,normal_u2c8m4,2026-03-18 19:56:07.521018,2026-03-18 20:01:07.521018,2026-03-18 20:13:52,2026-03-18 20:18:52,7869,7740,91,
2026_03_18,pod_do_fault_user_001,ok,normal_4fdlji,2026-03-18 20:29:14.853494,2026-03-18 20:34:14.853494,2026-03-18 20:42:36,2026-03-18 20:47:36,8098,8068,85,
2026_03_18,pod_cpu_hog_user_001,ok,normal_4fdlji,2026-03-18 20:29:14.853494,2026-03-18 20:34:14.853494,2026-03-18 21:03:46,2026-03-18 21:08:46,7678,7678,92,
2026_03_18,pod_cpu_hog_session-db_001,ok,normal_4fdlji,2026-03-18 20:29:14.853494,2026-03-18 20:34:14.853494,2026-03-18 21:17:28,2026-03-18 21:22:28,7738,7739,91,
2026_03_18,pod_do_fault_queue-master_001,ok,normal_4wvel5,2026-03-18 21:37:31.749422,2026-03-18 21:42:31.749422,2026-03-18 21:52:13,2026-03-18 21:57:13,7798,7755,90,
2026_03_18,pod_do_fault_front-end_001,ok,normal_4wvel5,2026-03-18 21:37:31.749422,2026-03-18 21:42:31.749422,2026-03-18 22:09:38,2026-03-18 22:14:38,7678,7649,92,
2026_03_18,pod_do_fault_payment_001,ok,normal_4wvel5,2026-03-18 21:37:31.749422,2026-03-18 21:42:31.749422,2026-03-18 22:20:57,2026-03-18 22:25:57,8038,8009,86,
2026_03_18,pod_network_loss_payment_001,ok,normal_4wvel5,2026-03-18 21:37:31.749422,2026-03-18 21:42:31.749422,2026-03-18 22:40:35,2026-03-18 22:45:35,7558,7684,94,
2026_03_18,pod_io_fault_carts-db_001,ok,normal_4wvel5,2026-03-18 21:37:31.749422,2026-03-18 21:42:31.749422,2026-03-18 22:57:35,2026-03-18 23:02:35,7858,8119,89,
2026_03_18,pod_cpu_hog_user-db_001,ok,normal_4wvel5,2026-03-18 21:37:31.749422,2026-03-18 21:42:31.749422,2026-03-18 23:13:20,2026-03-18 23:18:20,7558,7686,94,
