telemetry_day,exp_id,ground_truth_service,trace_count,anomalous_trace_count,localized_trace_count,call_path_count,runtime_seconds,use_secondary_anomalous_dimensions,secondary_dimension_weight,max_secondary_dimensions_per_trace,topk_fill_enabled,topk_fill_k,topk_fill_mode,predicted_service_top1,predicted_service_top3,predicted_service_top5,service_top1_hit,service_top3_hit,service_top5_hit,output_service_candidates_before_fill,output_service_candidates_after_fill,topk_fill_triggered,topk_fill_added_services
2026_03_12,pod_cpu_hog_carts-db_001,carts-db,5182,2,2,9,5.82598622108344,True,0.5,5,True,5,path_ancestors_only,catalogue,"['catalogue', 'payment', 'front-end']","['catalogue', 'payment', 'front-end', 'orders']",False,False,False,"['catalogue', 'payment', 'front-end']","['catalogue', 'payment', 'front-end', 'orders']",True,['orders']
2026_03_12,pod_cpu_hog_carts_001,carts,4110,0,1,9,6.319946379051544,True,0.5,5,True,5,path_ancestors_only,payment,"['payment', 'orders', 'front-end']","['payment', 'orders', 'front-end']",False,False,False,"['payment', 'orders', 'front-end']","['payment', 'orders', 'front-end']",False,[]
2026_03_12,pod_cpu_hog_catalogue-db_001,catalogue-db,3675,1,1,9,4.048353209975176,True,0.5,5,True,5,path_ancestors_only,shipping,"['shipping', 'orders', 'front-end']","['shipping', 'orders', 'front-end']",False,False,False,"['shipping', 'orders']","['shipping', 'orders', 'front-end']",True,['front-end']
2026_03_12,pod_cpu_hog_catalogue_001,catalogue,5226,0,1,9,7.774182282970287,True,0.5,5,True,5,path_ancestors_only,payment,"['payment', 'user', 'front-end']","['payment', 'user', 'front-end', 'orders']",False,False,False,"['payment', 'user', 'front-end']","['payment', 'user', 'front-end', 'orders']",True,['orders']
2026_03_12,pod_cpu_hog_front-end_001,front-end,5231,2,1,9,6.083759878994897,True,0.5,5,True,5,path_ancestors_only,user,"['user', 'front-end', 'orders']","['user', 'front-end', 'orders']",False,True,True,"['user', 'front-end']","['user', 'front-end', 'orders']",True,['orders']
2026_03_12,pod_cpu_hog_orders-db_001,orders-db,4090,0,1,9,4.63845280802343,True,0.5,5,True,5,path_ancestors_only,user,"['user', 'front-end', 'orders']","['user', 'front-end', 'orders', 'payment', 'carts']",False,False,False,"['user', 'front-end', 'orders', 'payment', 'carts']","['user', 'front-end', 'orders', 'payment', 'carts']",False,[]
2026_03_12,pod_cpu_hog_orders_001,orders,4876,0,1,9,5.443856011959724,True,0.5,5,True,5,path_ancestors_only,payment,"['payment', 'orders', 'front-end']","['payment', 'orders', 'front-end', 'user']",False,True,True,"['payment', 'orders', 'front-end', 'user']","['payment', 'orders', 'front-end', 'user']",False,[]
2026_03_12,pod_cpu_hog_payment_001,payment,4113,0,1,9,4.762094210949726,True,0.5,5,True,5,path_ancestors_only,user,"['user', 'front-end', 'orders']","['user', 'front-end', 'orders', 'payment', 'shipping']",False,False,True,"['user', 'front-end', 'orders', 'payment', 'shipping']","['user', 'front-end', 'orders', 'payment', 'shipping']",False,[]
2026_03_12,pod_cpu_hog_queue-master_001,queue-master,4116,0,1,9,4.683467685012147,True,0.5,5,True,5,path_ancestors_only,payment,"['payment', 'front-end', 'user']","['payment', 'front-end', 'user', 'orders']",False,False,False,"['payment', 'front-end', 'user']","['payment', 'front-end', 'user', 'orders']",True,['orders']
2026_03_12,pod_cpu_hog_rabbitmq_001,rabbitmq,4822,0,1,9,5.4370917869964615,True,0.5,5,True,5,path_ancestors_only,front-end,['front-end'],['front-end'],False,False,False,['front-end'],['front-end'],False,[]
2026_03_12,pod_cpu_hog_session-db_001,session-db,4848,1,1,9,5.579104412114248,True,0.5,5,True,5,path_ancestors_only,payment,"['payment', 'orders', 'front-end']","['payment', 'orders', 'front-end', 'user', 'carts']",False,False,False,"['payment', 'orders', 'front-end', 'user', 'carts']","['payment', 'orders', 'front-end', 'user', 'carts']",False,[]
2026_03_12,pod_cpu_hog_shipping_001,shipping,5284,1,1,9,5.866824155091308,True,0.5,5,True,5,path_ancestors_only,shipping,"['shipping', 'orders', 'front-end']","['shipping', 'orders', 'front-end']",True,True,True,"['shipping', 'orders', 'front-end']","['shipping', 'orders', 'front-end']",False,[]
2026_03_12,pod_cpu_hog_user-db_001,user-db,3712,0,0,9,4.139107541064732,True,0.5,5,True,5,path_ancestors_only,,[],[],False,False,False,[],[],False,[]
2026_03_12,pod_cpu_hog_user_001,user,4492,0,0,9,5.144354854011908,True,0.5,5,True,5,path_ancestors_only,,[],[],False,False,False,[],[],False,[]
2026_03_12,pod_do_fault_carts-db_001,carts-db,3909,238,238,9,4.752631393028423,True,0.5,5,True,5,path_ancestors_only,carts,"['carts', 'front-end', 'orders']","['carts', 'front-end', 'orders', 'user', 'payment']",False,False,False,"['carts', 'front-end', 'orders', 'user', 'payment', 'shipping']","['carts', 'front-end', 'orders', 'user', 'payment', 'shipping']",False,[]
2026_03_12,pod_do_fault_carts_001,carts,3747,7,7,9,4.279683944070712,True,0.5,5,True,5,path_ancestors_only,carts,"['carts', 'orders', 'front-end']","['carts', 'orders', 'front-end']",True,True,True,"['carts', 'orders', 'front-end']","['carts', 'orders', 'front-end']",False,[]
2026_03_12,pod_do_fault_catalogue-db_001,catalogue-db,4862,262,0,9,6.014616535976529,True,0.5,5,True,5,path_ancestors_only,,[],[],False,False,False,[],[],False,[]
2026_03_12,pod_do_fault_catalogue_001,catalogue,5273,0,1,9,5.913021684973501,True,0.5,5,True,5,path_ancestors_only,carts,"['carts', 'front-end', 'orders']","['carts', 'front-end', 'orders', 'user', 'payment']",False,False,False,"['carts', 'front-end', 'orders', 'user', 'payment']","['carts', 'front-end', 'orders', 'user', 'payment']",False,[]
2026_03_12,pod_do_fault_front-end_001,front-end,4864,0,1,9,5.617127920035273,True,0.5,5,True,5,path_ancestors_only,payment,"['payment', 'front-end', 'user']","['payment', 'front-end', 'user', 'orders']",False,True,True,"['payment', 'front-end', 'user', 'orders']","['payment', 'front-end', 'user', 'orders']",False,[]
2026_03_12,pod_do_fault_orders-db_001,orders-db,4787,77,77,9,5.404708227957599,True,0.5,5,True,5,path_ancestors_only,orders,"['orders', 'payment', 'shipping']","['orders', 'payment', 'shipping', 'front-end']",False,False,False,"['orders', 'payment', 'shipping', 'front-end']","['orders', 'payment', 'shipping', 'front-end']",False,[]
2026_03_12,pod_do_fault_orders_001,orders,3701,12,12,9,4.121520003071055,True,0.5,5,True,5,path_ancestors_only,orders,"['orders', 'payment', 'shipping']","['orders', 'payment', 'shipping', 'user', 'front-end']",True,True,True,"['orders', 'payment', 'shipping', 'user', 'front-end']","['orders', 'payment', 'shipping', 'user', 'front-end']",False,[]
2026_03_12,pod_do_fault_payment_001,payment,4453,0,1,9,6.978680726024322,True,0.5,5,True,5,path_ancestors_only,user,"['user', 'orders', 'front-end']","['user', 'orders', 'front-end']",False,False,False,['user'],"['user', 'orders', 'front-end']",True,"['orders', 'front-end']"
2026_03_12,pod_do_fault_queue-master_001,queue-master,4875,0,1,9,5.531924001988955,True,0.5,5,True,5,path_ancestors_only,shipping,"['shipping', 'orders', 'front-end']","['shipping', 'orders', 'front-end', 'user']",False,False,False,"['shipping', 'orders', 'front-end', 'user']","['shipping', 'orders', 'front-end', 'user']",False,[]
2026_03_12,pod_do_fault_shipping_001,shipping,4472,5,5,9,4.936985234031454,True,0.5,5,True,5,path_ancestors_only,shipping,"['shipping', 'orders', 'front-end']","['shipping', 'orders', 'front-end', 'user']",True,True,True,"['shipping', 'orders', 'front-end', 'user']","['shipping', 'orders', 'front-end', 'user']",False,[]
2026_03_12,pod_do_fault_user-db_001,user-db,4794,11,11,9,5.265120377996936,True,0.5,5,True,5,path_ancestors_only,front-end,['front-end'],['front-end'],False,False,False,['front-end'],['front-end'],False,[]
2026_03_12,pod_do_fault_user_001,user,5210,4,4,9,6.106384753016755,True,0.5,5,True,5,path_ancestors_only,user,"['user', 'payment', 'front-end']","['user', 'payment', 'front-end', 'orders', 'shipping']",True,True,True,"['user', 'payment', 'front-end', 'orders', 'shipping']","['user', 'payment', 'front-end', 'orders', 'shipping']",False,[]
2026_03_12,pod_io_fault_carts-db_001,carts-db,5212,19,19,9,6.323908347985707,True,0.5,5,True,5,path_ancestors_only,carts,"['carts', 'front-end', 'orders']","['carts', 'front-end', 'orders', 'catalogue']",False,False,False,"['carts', 'front-end', 'orders', 'catalogue']","['carts', 'front-end', 'orders', 'catalogue']",False,[]
2026_03_12,pod_io_fault_orders-db_001,orders-db,4048,9,9,9,4.702044723089784,True,0.5,5,True,5,path_ancestors_only,orders,"['orders', 'front-end', 'user']","['orders', 'front-end', 'user']",False,False,False,"['orders', 'front-end', 'user']","['orders', 'front-end', 'user']",False,[]
2026_03_12,pod_io_fault_user-db_001,user-db,4859,14,14,9,5.876580796088092,True,0.5,5,True,5,path_ancestors_only,user,"['user', 'payment', 'shipping']","['user', 'payment', 'shipping', 'orders', 'front-end']",False,False,False,"['user', 'payment', 'shipping', 'orders', 'front-end', 'carts']","['user', 'payment', 'shipping', 'orders', 'front-end', 'carts']",False,[]
2026_03_12,pod_java_exception_carts_001,carts,3702,38,30,9,4.508652379037812,True,0.5,5,True,5,path_ancestors_only,carts,"['carts', 'front-end', 'orders']","['carts', 'front-end', 'orders', 'user', 'payment']",True,True,True,"['carts', 'front-end', 'orders', 'user', 'payment', 'catalogue', 'shipping']","['carts', 'front-end', 'orders', 'user', 'payment', 'catalogue', 'shipping']",False,[]
2026_03_12,pod_java_exception_orders_001,orders,3710,41,1,9,6.178885632078163,True,0.5,5,True,5,path_ancestors_only,user,"['user', 'orders', 'front-end']","['user', 'orders', 'front-end']",False,True,True,['user'],"['user', 'orders', 'front-end']",True,"['orders', 'front-end']"
2026_03_12,pod_java_exception_shipping_001,shipping,4446,14,14,9,5.56096286396496,True,0.5,5,True,5,path_ancestors_only,shipping,"['shipping', 'orders', 'front-end']","['shipping', 'orders', 'front-end', 'user', 'payment']",True,True,True,"['shipping', 'orders', 'front-end', 'user', 'payment']","['shipping', 'orders', 'front-end', 'user', 'payment']",False,[]
2026_03_12,pod_memory_hog_carts_001,carts,4070,0,0,9,4.897740376996808,True,0.5,5,True,5,path_ancestors_only,,[],[],False,False,False,[],[],False,[]
2026_03_12,pod_memory_hog_catalogue_001,catalogue,4927,1,1,9,5.572481382987462,True,0.5,5,True,5,path_ancestors_only,user,"['user', 'front-end', 'orders']","['user', 'front-end', 'orders']",False,False,False,"['user', 'front-end', 'orders']","['user', 'front-end', 'orders']",False,[]
2026_03_12,pod_memory_hog_front-end_001,front-end,4128,0,1,9,4.777132260031067,True,0.5,5,True,5,path_ancestors_only,user,"['user', 'orders', 'front-end']","['user', 'orders', 'front-end']",False,True,True,"['user', 'orders']","['user', 'orders', 'front-end']",True,['front-end']
2026_03_12,pod_memory_hog_orders_001,orders,4068,1,1,9,4.527413044939749,True,0.5,5,True,5,path_ancestors_only,shipping,"['shipping', 'user', 'orders']","['shipping', 'user', 'orders', 'front-end', 'payment']",False,True,True,"['shipping', 'user', 'orders', 'front-end', 'payment']","['shipping', 'user', 'orders', 'front-end', 'payment']",False,[]
2026_03_12,pod_memory_hog_payment_001,payment,4888,0,1,9,5.3976146740606055,True,0.5,5,True,5,path_ancestors_only,user,"['user', 'orders', 'front-end']","['user', 'orders', 'front-end']",False,False,False,['user'],"['user', 'orders', 'front-end']",True,"['orders', 'front-end']"
2026_03_12,pod_memory_hog_queue-master_001,queue-master,5258,0,1,9,7.644172190921381,True,0.5,5,True,5,path_ancestors_only,payment,"['payment', 'orders', 'front-end']","['payment', 'orders', 'front-end']",False,False,False,['payment'],"['payment', 'orders', 'front-end']",True,"['orders', 'front-end']"
2026_03_12,pod_memory_hog_shipping_001,shipping,5184,1,1,9,5.832430934999138,True,0.5,5,True,5,path_ancestors_only,payment,"['payment', 'front-end', 'user']","['payment', 'front-end', 'user', 'shipping', 'orders']",False,False,True,"['payment', 'front-end', 'user', 'shipping']","['payment', 'front-end', 'user', 'shipping', 'orders']",True,['orders']
2026_03_12,pod_memory_hog_user_001,user,5301,0,1,9,6.057248243014328,True,0.5,5,True,5,path_ancestors_only,payment,"['payment', 'user', 'orders']","['payment', 'user', 'orders', 'front-end']",False,True,True,"['payment', 'user', 'orders', 'front-end']","['payment', 'user', 'orders', 'front-end']",False,[]
2026_03_12,pod_network_delay_carts_001,carts,4035,255,255,9,4.830712741008028,True,0.5,5,True,5,path_ancestors_only,front-end,"['front-end', 'orders', 'catalogue']","['front-end', 'orders', 'catalogue']",False,False,False,"['front-end', 'orders', 'catalogue']","['front-end', 'orders', 'catalogue']",False,[]
2026_03_12,pod_network_delay_catalogue_001,catalogue,4845,331,331,9,5.893054151092656,True,0.5,5,True,5,path_ancestors_only,catalogue,"['catalogue', 'payment', 'front-end']","['catalogue', 'payment', 'front-end', 'user', 'orders']",True,True,True,"['catalogue', 'payment', 'front-end', 'user', 'orders', 'carts']","['catalogue', 'payment', 'front-end', 'user', 'orders', 'carts']",False,[]
2026_03_12,pod_network_delay_front-end_001,front-end,4816,158,158,9,5.595500438008457,True,0.5,5,True,5,path_ancestors_only,front-end,"['front-end', 'payment', 'user']","['front-end', 'payment', 'user', 'orders']",True,True,True,"['front-end', 'payment', 'user', 'orders']","['front-end', 'payment', 'user', 'orders']",False,[]
2026_03_12,pod_network_delay_orders_001,orders,4093,121,121,9,4.6954085029428825,True,0.5,5,True,5,path_ancestors_only,orders,"['orders', 'payment', 'front-end']","['orders', 'payment', 'front-end', 'user']",True,True,True,"['orders', 'payment', 'front-end', 'user']","['orders', 'payment', 'front-end', 'user']",False,[]
2026_03_12,pod_network_delay_payment_001,payment,4456,1,1,9,5.02237896900624,True,0.5,5,True,5,path_ancestors_only,shipping,"['shipping', 'front-end', 'orders']","['shipping', 'front-end', 'orders', 'user']",False,False,False,"['shipping', 'front-end', 'orders', 'user']","['shipping', 'front-end', 'orders', 'user']",False,[]
2026_03_12,pod_network_delay_queue-master_001,queue-master,4867,0,1,9,5.671131990966387,True,0.5,5,True,5,path_ancestors_only,catalogue,"['catalogue', 'front-end', 'carts']","['catalogue', 'front-end', 'carts']",False,False,False,"['catalogue', 'front-end', 'carts']","['catalogue', 'front-end', 'carts']",False,[]
2026_03_12,pod_network_delay_shipping_001,shipping,3694,0,1,9,4.132345984922722,True,0.5,5,True,5,path_ancestors_only,payment,"['payment', 'orders', 'front-end']","['payment', 'orders', 'front-end']",False,False,False,"['payment', 'orders']","['payment', 'orders', 'front-end']",True,['front-end']
2026_03_12,pod_network_delay_user_001,user,3734,291,290,9,4.450755568919703,True,0.5,5,True,5,path_ancestors_only,user,"['user', 'payment', 'shipping']","['user', 'payment', 'shipping', 'front-end', 'orders']",True,True,True,"['user', 'payment', 'shipping', 'front-end', 'orders']","['user', 'payment', 'shipping', 'front-end', 'orders']",False,[]
2026_03_12,pod_network_loss_carts_001,carts,4466,1,1,9,5.173661036998965,True,0.5,5,True,5,path_ancestors_only,user,"['user', 'carts', 'orders']","['user', 'carts', 'orders', 'front-end']",False,True,True,"['user', 'carts']","['user', 'carts', 'orders', 'front-end']",True,"['orders', 'front-end']"
2026_03_12,pod_network_loss_catalogue_001,catalogue,4469,22,22,9,5.0705522280186415,True,0.5,5,True,5,path_ancestors_only,catalogue,"['catalogue', 'front-end']","['catalogue', 'front-end']",True,True,True,"['catalogue', 'front-end']","['catalogue', 'front-end']",False,[]
2026_03_12,pod_network_loss_front-end_001,front-end,4838,3,3,9,5.493824653909542,True,0.5,5,True,5,path_ancestors_only,front-end,['front-end'],['front-end'],True,True,True,['front-end'],['front-end'],False,[]
2026_03_12,pod_network_loss_orders_001,orders,3733,2,2,9,4.509925079066306,True,0.5,5,True,5,path_ancestors_only,orders,"['orders', 'front-end']","['orders', 'front-end']",True,True,True,"['orders', 'front-end']","['orders', 'front-end']",False,[]
2026_03_12,pod_network_loss_payment_001,payment,4110,4,4,9,4.724102322012186,True,0.5,5,True,5,path_ancestors_only,carts,"['carts', 'shipping', 'orders']","['carts', 'shipping', 'orders', 'front-end', 'user']",False,False,False,"['carts', 'shipping', 'orders', 'front-end', 'user']","['carts', 'shipping', 'orders', 'front-end', 'user']",False,[]
2026_03_12,pod_network_loss_queue-master_001,queue-master,4099,0,1,9,4.671690345974639,True,0.5,5,True,5,path_ancestors_only,user,"['user', 'front-end', 'orders']","['user', 'front-end', 'orders']",False,False,False,"['user', 'front-end', 'orders']","['user', 'front-end', 'orders']",False,[]
2026_03_12,pod_network_loss_shipping_001,shipping,4408,0,1,9,5.136349606909789,True,0.5,5,True,5,path_ancestors_only,orders,"['orders', 'front-end']","['orders', 'front-end']",False,False,False,"['orders', 'front-end']","['orders', 'front-end']",False,[]
2026_03_12,pod_network_loss_user_001,user,4472,59,59,9,5.048864105949178,True,0.5,5,True,5,path_ancestors_only,user,"['user', 'front-end', 'orders']","['user', 'front-end', 'orders']",True,True,True,"['user', 'front-end', 'orders']","['user', 'front-end', 'orders']",False,[]
2026_03_12,pod_network_partition_carts_001,carts,4289,94,94,9,4.9202798709739,True,0.5,5,True,5,path_ancestors_only,front-end,"['front-end', 'orders', 'carts']","['front-end', 'orders', 'carts', 'user', 'payment']",False,True,True,"['front-end', 'orders', 'carts', 'user', 'payment']","['front-end', 'orders', 'carts', 'user', 'payment']",False,[]
2026_03_12,pod_network_partition_catalogue_001,catalogue,4796,6,5,9,5.462658368982375,True,0.5,5,True,5,path_ancestors_only,front-end,['front-end'],['front-end'],False,False,False,['front-end'],['front-end'],False,[]
2026_03_12,pod_network_partition_front-end_001,front-end,5200,1,1,9,6.13551318005193,True,0.5,5,True,5,path_ancestors_only,user,"['user', 'orders']","['user', 'orders']",False,False,False,['user'],"['user', 'orders']",True,['orders']
2026_03_12,pod_network_partition_orders_001,orders,5229,23,23,9,6.159499043948017,True,0.5,5,True,5,path_ancestors_only,user,"['user', 'front-end', 'payment']","['user', 'front-end', 'payment', 'carts', 'shipping']",False,False,False,"['user', 'front-end', 'payment', 'carts', 'shipping', 'orders']","['user', 'front-end', 'payment', 'carts', 'shipping', 'orders']",False,[]
2026_03_12,pod_network_partition_payment_001,payment,5250,7,7,9,5.983665751060471,True,0.5,5,True,5,path_ancestors_only,orders,"['orders', 'payment', 'shipping']","['orders', 'payment', 'shipping', 'carts', 'user']",False,True,True,"['orders', 'payment', 'shipping', 'carts', 'user', 'front-end']","['orders', 'payment', 'shipping', 'carts', 'user', 'front-end']",False,[]
2026_03_12,pod_network_partition_queue-master_001,queue-master,4161,1,1,9,4.677141782012768,True,0.5,5,True,5,path_ancestors_only,user,"['user', 'front-end']","['user', 'front-end']",False,False,False,['user'],"['user', 'front-end']",True,['front-end']
2026_03_12,pod_network_partition_shipping_001,shipping,5216,45,45,9,5.803362558945082,True,0.5,5,True,5,path_ancestors_only,orders,"['orders', 'shipping', 'payment']","['orders', 'shipping', 'payment', 'front-end']",False,True,True,"['orders', 'shipping', 'payment', 'front-end']","['orders', 'shipping', 'payment', 'front-end']",False,[]
2026_03_12,pod_network_partition_user_001,user,4437,5,5,9,5.141114535974339,True,0.5,5,True,5,path_ancestors_only,orders,"['orders', 'front-end', 'shipping']","['orders', 'front-end', 'shipping']",False,False,False,"['orders', 'front-end', 'shipping']","['orders', 'front-end', 'shipping']",False,[]
2026_03_13,pod_cpu_hog_carts-db_001,carts-db,4882,1,0,9,6.701192488078959,True,0.5,5,True,5,path_ancestors_only,,[],[],False,False,False,[],[],False,[]
2026_03_13,pod_cpu_hog_carts_001,carts,5676,1,1,9,7.421806624042802,True,0.5,5,True,5,path_ancestors_only,orders,"['orders', 'front-end']","['orders', 'front-end']",False,False,False,"['orders', 'front-end']","['orders', 'front-end']",False,[]
2026_03_13,pod_cpu_hog_catalogue-db_001,catalogue-db,4476,0,0,9,8.247449318063445,True,0.5,5,True,5,path_ancestors_only,,[],[],False,False,False,[],[],False,[]
2026_03_13,pod_cpu_hog_catalogue_001,catalogue,4475,0,0,9,7.73364221106749,True,0.5,5,True,5,path_ancestors_only,,[],[],False,False,False,[],[],False,[]
2026_03_13,pod_cpu_hog_front-end_001,front-end,4821,0,1,9,8.015088543994352,True,0.5,5,True,5,path_ancestors_only,carts,"['carts', 'orders', 'user']","['carts', 'orders', 'user', 'front-end', 'payment']",False,False,True,"['carts', 'orders', 'user', 'front-end', 'payment']","['carts', 'orders', 'user', 'front-end', 'payment']",False,[]
2026_03_13,pod_cpu_hog_orders-db_001,orders-db,4406,3,3,9,5.978235567105003,True,0.5,5,True,5,path_ancestors_only,payment,"['payment', 'shipping', 'carts']","['payment', 'shipping', 'carts', 'user', 'front-end']",False,False,False,"['payment', 'shipping', 'carts', 'user', 'front-end', 'orders']","['payment', 'shipping', 'carts', 'user', 'front-end', 'orders']",False,[]
2026_03_13,pod_cpu_hog_orders_001,orders,3697,0,1,9,4.904471596004441,True,0.5,5,True,5,path_ancestors_only,payment,"['payment', 'orders', 'front-end']","['payment', 'orders', 'front-end', 'carts', 'user']",False,True,True,"['payment', 'orders', 'front-end', 'carts', 'user', 'shipping']","['payment', 'orders', 'front-end', 'carts', 'user', 'shipping']",False,[]
2026_03_13,pod_cpu_hog_payment_001,payment,4501,1,1,9,5.801309149013832,True,0.5,5,True,5,path_ancestors_only,user,"['user', 'orders', 'shipping']","['user', 'orders', 'shipping', 'front-end']",False,False,False,"['user', 'orders', 'shipping', 'front-end']","['user', 'orders', 'shipping', 'front-end']",False,[]
2026_03_13,pod_cpu_hog_queue-master_001,queue-master,5288,1,1,9,7.022953941021115,True,0.5,5,True,5,path_ancestors_only,user,"['user', 'orders', 'front-end']","['user', 'orders', 'front-end']",False,False,False,['user'],"['user', 'orders', 'front-end']",True,"['orders', 'front-end']"
2026_03_13,pod_cpu_hog_rabbitmq_001,rabbitmq,5674,3,3,9,7.573336138040759,True,0.5,5,True,5,path_ancestors_only,payment,"['payment', 'user', 'orders']","['payment', 'user', 'orders', 'front-end', 'carts']",False,False,False,"['payment', 'user', 'orders', 'front-end', 'carts', 'shipping']","['payment', 'user', 'orders', 'front-end', 'carts', 'shipping']",False,[]
2026_03_13,pod_cpu_hog_session-db_001,session-db,4481,3,3,9,6.4571516970172524,True,0.5,5,True,5,path_ancestors_only,user,"['user', 'shipping', 'orders']","['user', 'shipping', 'orders', 'front-end', 'carts']",False,False,False,"['user', 'shipping', 'orders', 'front-end', 'carts', 'payment']","['user', 'shipping', 'orders', 'front-end', 'carts', 'payment']",False,[]
2026_03_13,pod_cpu_hog_shipping_001,shipping,4819,5,5,9,8.272170408046804,True,0.5,5,True,5,path_ancestors_only,carts,"['carts', 'user', 'payment']","['carts', 'user', 'payment', 'shipping', 'front-end']",False,False,True,"['carts', 'user', 'payment', 'shipping', 'front-end', 'catalogue', 'orders']","['carts', 'user', 'payment', 'shipping', 'front-end', 'catalogue', 'orders']",False,[]
2026_03_13,pod_cpu_hog_user-db_001,user-db,4125,1,1,9,5.534088592976332,True,0.5,5,True,5,path_ancestors_only,orders,"['orders', 'front-end']","['orders', 'front-end']",False,False,False,"['orders', 'front-end']","['orders', 'front-end']",False,[]
2026_03_13,pod_cpu_hog_user_001,user,4092,0,0,9,5.4022398790111765,True,0.5,5,True,5,path_ancestors_only,,[],[],False,False,False,[],[],False,[]
2026_03_13,pod_do_fault_carts-db_001,carts-db,4293,220,220,9,5.53707459801808,True,0.5,5,True,5,path_ancestors_only,carts,"['carts', 'front-end', 'orders']","['carts', 'front-end', 'orders', 'user', 'catalogue']",False,False,False,"['carts', 'front-end', 'orders', 'user', 'catalogue', 'payment']","['carts', 'front-end', 'orders', 'user', 'catalogue', 'payment']",False,[]
2026_03_13,pod_do_fault_carts_001,carts,4439,32,32,9,5.9180514951003715,True,0.5,5,True,5,path_ancestors_only,carts,"['carts', 'user', 'front-end']","['carts', 'user', 'front-end', 'orders', 'payment']",True,True,True,"['carts', 'user', 'front-end', 'orders', 'payment', 'shipping']","['carts', 'user', 'front-end', 'orders', 'payment', 'shipping']",False,[]
2026_03_13,pod_do_fault_catalogue-db_001,catalogue-db,4486,352,9,9,5.928602494997904,True,0.5,5,True,5,path_ancestors_only,front-end,"['front-end', 'user', 'carts']","['front-end', 'user', 'carts', 'shipping', 'orders']",False,False,False,"['front-end', 'user', 'carts', 'shipping', 'orders', 'payment']","['front-end', 'user', 'carts', 'shipping', 'orders', 'payment']",False,[]
2026_03_13,pod_do_fault_catalogue_001,catalogue,5259,0,1,9,8.663452325970866,True,0.5,5,True,5,path_ancestors_only,user,"['user', 'front-end']","['user', 'front-end']",False,False,False,['user'],"['user', 'front-end']",True,['front-end']
2026_03_13,pod_do_fault_front-end_001,front-end,4357,0,1,9,5.596429761964828,True,0.5,5,True,5,path_ancestors_only,user,"['user', 'orders', 'front-end']","['user', 'orders', 'front-end']",False,True,True,['user'],"['user', 'orders', 'front-end']",True,"['orders', 'front-end']"
2026_03_13,pod_do_fault_orders-db_001,orders-db,4008,92,92,9,5.6300429600523785,True,0.5,5,True,5,path_ancestors_only,orders,"['orders', 'carts', 'user']","['orders', 'carts', 'user', 'payment', 'front-end']",False,False,False,"['orders', 'carts', 'user', 'payment', 'front-end', 'shipping']","['orders', 'carts', 'user', 'payment', 'front-end', 'shipping']",False,[]
2026_03_13,pod_do_fault_orders_001,orders,4381,16,16,9,5.559356330893934,True,0.5,5,True,5,path_ancestors_only,orders,"['orders', 'payment', 'carts']","['orders', 'payment', 'carts', 'front-end']",True,True,True,"['orders', 'payment', 'carts', 'front-end']","['orders', 'payment', 'carts', 'front-end']",False,[]
2026_03_13,pod_do_fault_payment_001,payment,4452,4,4,9,5.673736069933511,True,0.5,5,True,5,path_ancestors_only,payment,"['payment', 'user', 'orders']","['payment', 'user', 'orders', 'front-end', 'carts']",True,True,True,"['payment', 'user', 'orders', 'front-end', 'carts']","['payment', 'user', 'orders', 'front-end', 'carts']",False,[]
2026_03_13,pod_do_fault_queue-master_001,queue-master,4829,0,1,9,6.408278655959293,True,0.5,5,True,5,path_ancestors_only,payment,"['payment', 'user', 'front-end']","['payment', 'user', 'front-end', 'orders', 'shipping']",False,False,False,"['payment', 'user', 'front-end', 'orders', 'shipping']","['payment', 'user', 'front-end', 'orders', 'shipping']",False,[]
2026_03_13,pod_do_fault_shipping_001,shipping,4523,2,2,9,5.381284492090344,True,0.5,5,True,5,path_ancestors_only,shipping,"['shipping', 'orders', 'front-end']","['shipping', 'orders', 'front-end', 'user']",True,True,True,"['shipping', 'orders', 'front-end', 'user']","['shipping', 'orders', 'front-end', 'user']",False,[]
2026_03_13,pod_do_fault_user-db_001,user-db,4137,15,15,9,4.969093044986948,True,0.5,5,True,5,path_ancestors_only,front-end,"['front-end', 'payment', 'user']","['front-end', 'payment', 'user', 'orders', 'carts']",False,False,False,"['front-end', 'payment', 'user', 'orders', 'carts', 'shipping']","['front-end', 'payment', 'user', 'orders', 'carts', 'shipping']",False,[]
2026_03_13,pod_do_fault_user_001,user,4104,0,1,9,5.312167159980163,True,0.5,5,True,5,path_ancestors_only,payment,"['payment', 'orders', 'front-end']","['payment', 'orders', 'front-end', 'user']",False,False,True,"['payment', 'orders', 'front-end', 'user']","['payment', 'orders', 'front-end', 'user']",False,[]
2026_03_13,pod_io_fault_carts-db_001,carts-db,4462,16,16,9,5.2436428419314325,True,0.5,5,True,5,path_ancestors_only,carts,"['carts', 'front-end', 'orders']","['carts', 'front-end', 'orders', 'catalogue', 'user']",False,False,False,"['carts', 'front-end', 'orders', 'catalogue', 'user', 'payment']","['carts', 'front-end', 'orders', 'catalogue', 'user', 'payment']",False,[]
2026_03_13,pod_io_fault_orders-db_001,orders-db,4892,6,6,9,7.639493701979518,True,0.5,5,True,5,path_ancestors_only,orders,"['orders', 'payment', 'catalogue']","['orders', 'payment', 'catalogue', 'front-end']",False,False,False,"['orders', 'payment', 'catalogue', 'front-end']","['orders', 'payment', 'catalogue', 'front-end']",False,[]
2026_03_13,pod_io_fault_user-db_001,user-db,5589,14,14,9,6.767665900988504,True,0.5,5,True,5,path_ancestors_only,user,"['user', 'carts', 'payment']","['user', 'carts', 'payment', 'front-end', 'orders']",False,False,False,"['user', 'carts', 'payment', 'front-end', 'orders', 'shipping']","['user', 'carts', 'payment', 'front-end', 'orders', 'shipping']",False,[]
2026_03_13,pod_java_exception_carts_001,carts,5562,6,2,9,7.890291877090931,True,0.5,5,True,5,path_ancestors_only,carts,"['carts', 'front-end', 'orders']","['carts', 'front-end', 'orders']",True,True,True,"['carts', 'front-end']","['carts', 'front-end', 'orders']",True,['orders']
2026_03_13,pod_java_exception_orders_001,orders,4896,90,3,9,7.406601550988853,True,0.5,5,True,5,path_ancestors_only,user,"['user', 'orders', 'front-end']","['user', 'orders', 'front-end']",False,True,True,"['user', 'orders', 'front-end']","['user', 'orders', 'front-end']",False,[]
2026_03_13,pod_java_exception_shipping_001,shipping,4847,13,13,9,5.885855494998395,True,0.5,5,True,5,path_ancestors_only,shipping,"['shipping', 'carts', 'orders']","['shipping', 'carts', 'orders', 'front-end', 'user']",True,True,True,"['shipping', 'carts', 'orders', 'front-end', 'user']","['shipping', 'carts', 'orders', 'front-end', 'user']",False,[]
2026_03_13,pod_memory_hog_carts_001,carts,4079,0,1,9,4.73988263704814,True,0.5,5,True,5,path_ancestors_only,user,"['user', 'front-end', 'orders']","['user', 'front-end', 'orders']",False,False,False,"['user', 'front-end']","['user', 'front-end', 'orders']",True,['orders']
2026_03_13,pod_memory_hog_catalogue_001,catalogue,5142,2,1,9,6.31094027205836,True,0.5,5,True,5,path_ancestors_only,carts,"['carts', 'orders', 'front-end']","['carts', 'orders', 'front-end']",False,False,False,['carts'],"['carts', 'orders', 'front-end']",True,"['orders', 'front-end']"
2026_03_13,pod_memory_hog_front-end_001,front-end,4820,0,1,9,6.224578296998516,True,0.5,5,True,5,path_ancestors_only,payment,"['payment', 'front-end', 'orders']","['payment', 'front-end', 'orders', 'user']",False,True,True,"['payment', 'front-end', 'orders', 'user']","['payment', 'front-end', 'orders', 'user']",False,[]
2026_03_13,pod_memory_hog_orders_001,orders,5580,1,1,9,7.096438635955565,True,0.5,5,True,5,path_ancestors_only,carts,"['carts', 'user', 'front-end']","['carts', 'user', 'front-end', 'orders']",False,False,True,"['carts', 'user', 'front-end', 'orders']","['carts', 'user', 'front-end', 'orders']",False,[]
2026_03_13,pod_memory_hog_payment_001,payment,4053,0,0,9,5.282865243963897,True,0.5,5,True,5,path_ancestors_only,,[],[],False,False,False,[],[],False,[]
2026_03_13,pod_memory_hog_queue-master_001,queue-master,5266,0,1,9,6.543984723975882,True,0.5,5,True,5,path_ancestors_only,user,"['user', 'orders', 'front-end']","['user', 'orders', 'front-end']",False,False,False,"['user', 'orders', 'front-end']","['user', 'orders', 'front-end']",False,[]
2026_03_13,pod_memory_hog_shipping_001,shipping,5615,0,1,9,7.341551934950985,True,0.5,5,True,5,path_ancestors_only,user,"['user', 'front-end', 'orders']","['user', 'front-end', 'orders']",False,False,False,"['user', 'front-end', 'orders']","['user', 'front-end', 'orders']",False,[]
2026_03_13,pod_memory_hog_user_001,user,5555,4,4,9,6.488569171051495,True,0.5,5,True,5,path_ancestors_only,payment,"['payment', 'user', 'orders']","['payment', 'user', 'orders', 'front-end', 'carts']",False,True,True,"['payment', 'user', 'orders', 'front-end', 'carts']","['payment', 'user', 'orders', 'front-end', 'carts']",False,[]
2026_03_13,pod_network_delay_carts_001,carts,5619,405,405,9,7.535639917012304,True,0.5,5,True,5,path_ancestors_only,front-end,"['front-end', 'orders', 'catalogue']","['front-end', 'orders', 'catalogue', 'payment', 'user']",False,False,False,"['front-end', 'orders', 'catalogue', 'payment', 'user', 'shipping']","['front-end', 'orders', 'catalogue', 'payment', 'user', 'shipping']",False,[]
2026_03_13,pod_network_delay_catalogue_001,catalogue,4444,365,365,9,5.729121158015914,True,0.5,5,True,5,path_ancestors_only,catalogue,"['catalogue', 'front-end']","['catalogue', 'front-end']",True,True,True,"['catalogue', 'front-end']","['catalogue', 'front-end']",False,[]
2026_03_13,pod_network_delay_front-end_001,front-end,4014,175,175,9,4.79085142898839,True,0.5,5,True,5,path_ancestors_only,front-end,"['front-end', 'user', 'payment']","['front-end', 'user', 'payment', 'carts', 'orders']",True,True,True,"['front-end', 'user', 'payment', 'carts', 'orders']","['front-end', 'user', 'payment', 'carts', 'orders']",False,[]
2026_03_13,pod_network_delay_orders_001,orders,5532,133,133,9,6.510340698994696,True,0.5,5,True,5,path_ancestors_only,orders,"['orders', 'payment', 'shipping']","['orders', 'payment', 'shipping', 'user', 'carts']",True,True,True,"['orders', 'payment', 'shipping', 'user', 'carts', 'front-end']","['orders', 'payment', 'shipping', 'user', 'carts', 'front-end']",False,[]
2026_03_13,pod_network_delay_payment_001,payment,4817,3,3,9,6.129542109905742,True,0.5,5,True,5,path_ancestors_only,payment,"['payment', 'carts', 'user']","['payment', 'carts', 'user', 'orders', 'front-end']",True,True,True,"['payment', 'carts', 'user', 'orders', 'front-end']","['payment', 'carts', 'user', 'orders', 'front-end']",False,[]
2026_03_13,pod_network_delay_queue-master_001,queue-master,3692,2,2,9,4.632954449974932,True,0.5,5,True,5,path_ancestors_only,carts,"['carts', 'front-end', 'orders']","['carts', 'front-end', 'orders', 'user', 'payment']",False,False,False,"['carts', 'front-end', 'orders', 'user', 'payment']","['carts', 'front-end', 'orders', 'user', 'payment']",False,[]
2026_03_13,pod_network_delay_shipping_001,shipping,5654,3,3,9,6.579734847997315,True,0.5,5,True,5,path_ancestors_only,orders,"['orders', 'payment', 'front-end']","['orders', 'payment', 'front-end']",False,False,False,"['orders', 'payment', 'front-end']","['orders', 'payment', 'front-end']",False,[]
2026_03_13,pod_network_delay_user_001,user,4868,304,304,9,6.306064498028718,True,0.5,5,True,5,path_ancestors_only,user,"['user', 'catalogue', 'payment']","['user', 'catalogue', 'payment', 'front-end', 'orders']",True,True,True,"['user', 'catalogue', 'payment', 'front-end', 'orders']","['user', 'catalogue', 'payment', 'front-end', 'orders']",False,[]
2026_03_13,pod_network_loss_carts_001,carts,4900,1,1,9,6.086229893029667,True,0.5,5,True,5,path_ancestors_only,orders,"['orders', 'front-end']","['orders', 'front-end']",False,False,False,"['orders', 'front-end']","['orders', 'front-end']",False,[]
2026_03_13,pod_network_loss_catalogue_001,catalogue,3732,10,10,9,4.72463693190366,True,0.5,5,True,5,path_ancestors_only,catalogue,"['catalogue', 'front-end']","['catalogue', 'front-end']",True,True,True,"['catalogue', 'front-end']","['catalogue', 'front-end']",False,[]
2026_03_13,pod_network_loss_front-end_001,front-end,4434,1,1,9,5.699457240989432,True,0.5,5,True,5,path_ancestors_only,carts,"['carts', 'orders', 'front-end']","['carts', 'orders', 'front-end', 'user']",False,True,True,"['carts', 'orders', 'front-end', 'user']","['carts', 'orders', 'front-end', 'user']",False,[]
2026_03_13,pod_network_loss_orders_001,orders,4915,16,16,9,6.578548228018917,True,0.5,5,True,5,path_ancestors_only,orders,"['orders', 'payment', 'front-end']","['orders', 'payment', 'front-end']",True,True,True,"['orders', 'payment', 'front-end']","['orders', 'payment', 'front-end']",False,[]
2026_03_13,pod_network_loss_payment_001,payment,4109,0,1,9,6.0957754760747775,True,0.5,5,True,5,path_ancestors_only,catalogue,"['catalogue', 'front-end']","['catalogue', 'front-end']",False,False,False,"['catalogue', 'front-end']","['catalogue', 'front-end']",False,[]
2026_03_13,pod_network_loss_queue-master_001,queue-master,4428,1,0,9,5.604717200039886,True,0.5,5,True,5,path_ancestors_only,,[],[],False,False,False,[],[],False,[]
2026_03_13,pod_network_loss_shipping_001,shipping,3722,2,1,9,4.741540392045863,True,0.5,5,True,5,path_ancestors_only,shipping,"['shipping', 'orders', 'front-end']","['shipping', 'orders', 'front-end']",True,True,True,['shipping'],"['shipping', 'orders', 'front-end']",True,"['orders', 'front-end']"
2026_03_13,pod_network_loss_user_001,user,4095,25,25,9,5.347508703009225,True,0.5,5,True,5,path_ancestors_only,user,"['user', 'orders', 'front-end']","['user', 'orders', 'front-end']",True,True,True,"['user', 'orders', 'front-end']","['user', 'orders', 'front-end']",False,[]
2026_03_13,pod_network_partition_carts_001,carts,4396,82,82,9,5.741594437044114,True,0.5,5,True,5,path_ancestors_only,front-end,"['front-end', 'orders', 'user']","['front-end', 'orders', 'user', 'payment']",False,False,False,"['front-end', 'orders', 'user', 'payment']","['front-end', 'orders', 'user', 'payment']",False,[]
2026_03_13,pod_network_partition_catalogue_001,catalogue,4901,6,6,9,6.172179136890918,True,0.5,5,True,5,path_ancestors_only,front-end,"['front-end', 'carts']","['front-end', 'carts']",False,False,False,"['front-end', 'carts']","['front-end', 'carts']",False,[]
2026_03_13,pod_network_partition_front-end_001,front-end,3617,1,0,9,4.466440086020157,True,0.5,5,True,5,path_ancestors_only,,[],[],False,False,False,[],[],False,[]
2026_03_13,pod_network_partition_orders_001,orders,5185,21,20,9,5.929684172035195,True,0.5,5,True,5,path_ancestors_only,front-end,"['front-end', 'user', 'carts']","['front-end', 'user', 'carts', 'orders']",False,False,True,"['front-end', 'user', 'carts', 'orders']","['front-end', 'user', 'carts', 'orders']",False,[]
2026_03_13,pod_network_partition_payment_001,payment,3640,6,6,9,4.10331411997322,True,0.5,5,True,5,path_ancestors_only,orders,"['orders', 'front-end']","['orders', 'front-end']",False,False,False,"['orders', 'front-end']","['orders', 'front-end']",False,[]
2026_03_13,pod_network_partition_queue-master_001,queue-master,4580,1,1,9,5.169903705012985,True,0.5,5,True,5,path_ancestors_only,user,"['user', 'carts', 'orders']","['user', 'carts', 'orders', 'payment', 'front-end']",False,False,False,"['user', 'carts', 'orders', 'payment']","['user', 'carts', 'orders', 'payment', 'front-end']",True,['front-end']
2026_03_13,pod_network_partition_shipping_001,shipping,4486,31,30,9,4.933860543067567,True,0.5,5,True,5,path_ancestors_only,orders,"['orders', 'shipping', 'front-end']","['orders', 'shipping', 'front-end']",False,True,True,"['orders', 'shipping', 'front-end']","['orders', 'shipping', 'front-end']",False,[]
2026_03_13,pod_network_partition_user_001,user,3978,8,8,9,4.560504768975079,True,0.5,5,True,5,path_ancestors_only,orders,"['orders', 'front-end', 'user']","['orders', 'front-end', 'user']",False,True,True,"['orders', 'front-end', 'user']","['orders', 'front-end', 'user']",False,[]
2026_03_14,pod_cpu_hog_carts-db_001,carts-db,4471,0,1,9,7.790420075063594,True,0.5,5,True,5,path_ancestors_only,user,"['user', 'front-end']","['user', 'front-end']",False,False,False,['user'],"['user', 'front-end']",True,['front-end']
2026_03_14,pod_cpu_hog_carts_001,carts,4097,0,1,9,7.0054564089514315,True,0.5,5,True,5,path_ancestors_only,payment,"['payment', 'front-end', 'user']","['payment', 'front-end', 'user', 'orders']",False,False,False,"['payment', 'front-end', 'user', 'orders']","['payment', 'front-end', 'user', 'orders']",False,[]
2026_03_14,pod_cpu_hog_catalogue-db_001,catalogue-db,4465,0,0,9,5.567640295019373,True,0.5,5,True,5,path_ancestors_only,,[],[],False,False,False,[],[],False,[]
2026_03_14,pod_cpu_hog_catalogue_001,catalogue,5635,0,1,9,8.483855921891518,True,0.5,5,True,5,path_ancestors_only,payment,"['payment', 'orders', 'front-end']","['payment', 'orders', 'front-end']",False,False,False,"['payment', 'orders', 'front-end']","['payment', 'orders', 'front-end']",False,[]
2026_03_14,pod_cpu_hog_front-end_001,front-end,4843,0,1,9,6.791668441030197,True,0.5,5,True,5,path_ancestors_only,user,"['user', 'orders', 'front-end']","['user', 'orders', 'front-end']",False,True,True,['user'],"['user', 'orders', 'front-end']",True,"['orders', 'front-end']"
2026_03_14,pod_cpu_hog_orders-db_001,orders-db,5310,0,1,9,8.691172273014672,True,0.5,5,True,5,path_ancestors_only,carts,"['carts', 'orders', 'front-end']","['carts', 'orders', 'front-end']",False,False,False,"['carts', 'orders', 'front-end']","['carts', 'orders', 'front-end']",False,[]
2026_03_14,pod_cpu_hog_orders_001,orders,5659,0,0,9,7.888476080959663,True,0.5,5,True,5,path_ancestors_only,,[],[],False,False,False,[],[],False,[]
2026_03_14,pod_cpu_hog_payment_001,payment,4479,1,1,9,6.501842457917519,True,0.5,5,True,5,path_ancestors_only,user,"['user', 'orders', 'front-end']","['user', 'orders', 'front-end', 'shipping', 'payment']",False,False,True,"['user', 'orders', 'front-end', 'shipping', 'payment']","['user', 'orders', 'front-end', 'shipping', 'payment']",False,[]
2026_03_14,pod_cpu_hog_queue-master_001,queue-master,4050,1,1,9,7.250106684979983,True,0.5,5,True,5,path_ancestors_only,payment,"['payment', 'carts', 'orders']","['payment', 'carts', 'orders', 'front-end', 'user']",False,False,False,"['payment', 'carts', 'orders', 'front-end', 'user', 'shipping']","['payment', 'carts', 'orders', 'front-end', 'user', 'shipping']",False,[]
2026_03_14,pod_cpu_hog_rabbitmq_001,rabbitmq,4838,0,0,9,6.011694885906763,True,0.5,5,True,5,path_ancestors_only,,[],[],False,False,False,[],[],False,[]
2026_03_14,pod_cpu_hog_session-db_001,session-db,4877,0,1,9,7.636283811996691,True,0.5,5,True,5,path_ancestors_only,payment,"['payment', 'orders', 'front-end']","['payment', 'orders', 'front-end']",False,False,False,['payment'],"['payment', 'orders', 'front-end']",True,"['orders', 'front-end']"
2026_03_14,pod_cpu_hog_shipping_001,shipping,4833,0,1,9,7.129175373003818,True,0.5,5,True,5,path_ancestors_only,user,"['user', 'orders', 'front-end']","['user', 'orders', 'front-end']",False,False,False,"['user', 'orders', 'front-end']","['user', 'orders', 'front-end']",False,[]
2026_03_14,pod_cpu_hog_user-db_001,user-db,5604,0,1,9,7.6925644089933485,True,0.5,5,True,5,path_ancestors_only,user,"['user', 'front-end', 'carts']","['user', 'front-end', 'carts', 'orders']",False,False,False,"['user', 'front-end', 'carts', 'orders']","['user', 'front-end', 'carts', 'orders']",False,[]
2026_03_14,pod_cpu_hog_user_001,user,4828,0,1,9,8.03549707098864,True,0.5,5,True,5,path_ancestors_only,user,"['user', 'front-end']","['user', 'front-end']",True,True,True,"['user', 'front-end']","['user', 'front-end']",False,[]
2026_03_14,pod_do_fault_carts-db_001,carts-db,5484,251,251,9,9.406041840091348,True,0.5,5,True,5,path_ancestors_only,carts,"['carts', 'front-end', 'orders']","['carts', 'front-end', 'orders', 'user', 'payment']",False,False,False,"['carts', 'front-end', 'orders', 'user', 'payment']","['carts', 'front-end', 'orders', 'user', 'payment']",False,[]
2026_03_14,pod_do_fault_carts_001,carts,4057,20,20,9,5.114309916971251,True,0.5,5,True,5,path_ancestors_only,carts,"['carts', 'front-end', 'orders']","['carts', 'front-end', 'orders', 'payment']",True,True,True,"['carts', 'front-end', 'orders', 'payment']","['carts', 'front-end', 'orders', 'payment']",False,[]
2026_03_14,pod_do_fault_catalogue-db_001,catalogue-db,3717,245,2,9,5.2050293469801545,True,0.5,5,True,5,path_ancestors_only,carts,"['carts', 'front-end', 'catalogue']","['carts', 'front-end', 'catalogue']",False,False,False,"['carts', 'front-end', 'catalogue']","['carts', 'front-end', 'catalogue']",False,[]
2026_03_14,pod_do_fault_catalogue_001,catalogue,3699,2,2,9,4.703155878931284,True,0.5,5,True,5,path_ancestors_only,orders,"['orders', 'shipping', 'front-end']","['orders', 'shipping', 'front-end']",False,False,False,"['orders', 'shipping', 'front-end']","['orders', 'shipping', 'front-end']",False,[]
2026_03_14,pod_do_fault_front-end_001,front-end,4825,0,1,9,6.0353515930473804,True,0.5,5,True,5,path_ancestors_only,shipping,"['shipping', 'orders', 'front-end']","['shipping', 'orders', 'front-end']",False,True,True,['shipping'],"['shipping', 'orders', 'front-end']",True,"['orders', 'front-end']"
2026_03_14,pod_do_fault_orders-db_001,orders-db,4842,85,85,9,6.280738789937459,True,0.5,5,True,5,path_ancestors_only,orders,"['orders', 'front-end']","['orders', 'front-end']",False,False,False,"['orders', 'front-end']","['orders', 'front-end']",False,[]
2026_03_14,pod_do_fault_orders_001,orders,4101,8,8,9,5.156108701019548,True,0.5,5,True,5,path_ancestors_only,orders,"['orders', 'payment', 'user']","['orders', 'payment', 'user', 'front-end']",True,True,True,"['orders', 'payment', 'user', 'front-end']","['orders', 'payment', 'user', 'front-end']",False,[]
2026_03_14,pod_do_fault_payment_001,payment,4877,0,1,9,6.106191335013136,True,0.5,5,True,5,path_ancestors_only,payment,"['payment', 'front-end', 'orders']","['payment', 'front-end', 'orders', 'user']",True,True,True,"['payment', 'front-end', 'orders', 'user']","['payment', 'front-end', 'orders', 'user']",False,[]
2026_03_14,pod_do_fault_queue-master_001,queue-master,5264,6,6,9,8.529956570011564,True,0.5,5,True,5,path_ancestors_only,user,"['user', 'payment', 'shipping']","['user', 'payment', 'shipping', 'front-end', 'orders']",False,False,False,"['user', 'payment', 'shipping', 'front-end', 'orders', 'carts']","['user', 'payment', 'shipping', 'front-end', 'orders', 'carts']",False,[]
2026_03_14,pod_do_fault_shipping_001,shipping,4830,6,6,9,5.809276254964061,True,0.5,5,True,5,path_ancestors_only,shipping,"['shipping', 'payment', 'orders']","['shipping', 'payment', 'orders', 'front-end', 'carts']",True,True,True,"['shipping', 'payment', 'orders', 'front-end', 'carts', 'user']","['shipping', 'payment', 'orders', 'front-end', 'carts', 'user']",False,[]
2026_03_14,pod_do_fault_user-db_001,user-db,3692,19,19,9,4.511615594965406,True,0.5,5,True,5,path_ancestors_only,front-end,['front-end'],['front-end'],False,False,False,['front-end'],['front-end'],False,[]
2026_03_14,pod_do_fault_user_001,user,4145,1,1,9,5.405294325086288,True,0.5,5,True,5,path_ancestors_only,carts,"['carts', 'front-end']","['carts', 'front-end']",False,False,False,"['carts', 'front-end']","['carts', 'front-end']",False,[]
2026_03_14,pod_io_fault_carts-db_001,carts-db,4566,32,32,9,5.698241554084234,True,0.5,5,True,5,path_ancestors_only,carts,"['carts', 'front-end', 'user']","['carts', 'front-end', 'user', 'catalogue', 'orders']",False,False,False,"['carts', 'front-end', 'user', 'catalogue', 'orders', 'payment']","['carts', 'front-end', 'user', 'catalogue', 'orders', 'payment']",False,[]
2026_03_14,pod_io_fault_orders-db_001,orders-db,4827,5,5,9,6.056871318956837,True,0.5,5,True,5,path_ancestors_only,orders,"['orders', 'payment', 'carts']","['orders', 'payment', 'carts', 'front-end', 'user']",False,False,False,"['orders', 'payment', 'carts', 'front-end', 'user']","['orders', 'payment', 'carts', 'front-end', 'user']",False,[]
2026_03_14,pod_io_fault_user-db_001,user-db,5664,9,8,9,7.183327413047664,True,0.5,5,True,5,path_ancestors_only,user,"['user', 'shipping', 'front-end']","['user', 'shipping', 'front-end', 'orders']",False,False,False,"['user', 'shipping', 'front-end', 'orders']","['user', 'shipping', 'front-end', 'orders']",False,[]
2026_03_14,pod_java_exception_carts_001,carts,5628,28,25,9,7.003657527035102,True,0.5,5,True,5,path_ancestors_only,carts,"['carts', 'orders', 'front-end']","['carts', 'orders', 'front-end', 'payment']",True,True,True,"['carts', 'orders', 'front-end', 'payment']","['carts', 'orders', 'front-end', 'payment']",False,[]
2026_03_14,pod_java_exception_orders_001,orders,5584,14,2,9,6.984041424002498,True,0.5,5,True,5,path_ancestors_only,payment,"['payment', 'orders', 'front-end']","['payment', 'orders', 'front-end']",False,True,True,"['payment', 'orders', 'front-end']","['payment', 'orders', 'front-end']",False,[]
2026_03_14,pod_java_exception_shipping_001,shipping,3681,30,30,9,4.752302138018422,True,0.5,5,True,5,path_ancestors_only,shipping,"['shipping', 'orders', 'front-end']","['shipping', 'orders', 'front-end', 'user', 'carts']",True,True,True,"['shipping', 'orders', 'front-end', 'user', 'carts', 'payment']","['shipping', 'orders', 'front-end', 'user', 'carts', 'payment']",False,[]
2026_03_14,pod_memory_hog_carts_001,carts,5584,0,1,9,6.962818617001176,True,0.5,5,True,5,path_ancestors_only,carts,"['carts', 'orders', 'front-end']","['carts', 'orders', 'front-end']",True,True,True,['carts'],"['carts', 'orders', 'front-end']",True,"['orders', 'front-end']"
2026_03_14,pod_memory_hog_catalogue_001,catalogue,5625,1,1,9,7.288887238013558,True,0.5,5,True,5,path_ancestors_only,shipping,"['shipping', 'orders', 'front-end']","['shipping', 'orders', 'front-end', 'payment']",False,False,False,"['shipping', 'orders', 'front-end', 'payment']","['shipping', 'orders', 'front-end', 'payment']",False,[]
2026_03_14,pod_memory_hog_front-end_001,front-end,3698,0,1,9,4.664597766008228,True,0.5,5,True,5,path_ancestors_only,shipping,"['shipping', 'payment', 'orders']","['shipping', 'payment', 'orders', 'user', 'front-end']",False,False,True,"['shipping', 'payment', 'orders', 'user', 'front-end']","['shipping', 'payment', 'orders', 'user', 'front-end']",False,[]
2026_03_14,pod_memory_hog_orders_001,orders,5311,0,1,9,6.6647811440052465,True,0.5,5,True,5,path_ancestors_only,payment,"['payment', 'front-end', 'orders']","['payment', 'front-end', 'orders', 'user']",False,True,True,"['payment', 'front-end', 'orders', 'user']","['payment', 'front-end', 'orders', 'user']",False,[]
2026_03_14,pod_memory_hog_payment_001,payment,3712,0,1,9,4.8173209599917755,True,0.5,5,True,5,path_ancestors_only,user,"['user', 'front-end', 'orders']","['user', 'front-end', 'orders']",False,False,False,"['user', 'front-end', 'orders']","['user', 'front-end', 'orders']",False,[]
2026_03_14,pod_memory_hog_queue-master_001,queue-master,4854,1,1,9,5.997209069086239,True,0.5,5,True,5,path_ancestors_only,user,"['user', 'front-end']","['user', 'front-end']",False,False,False,"['user', 'front-end']","['user', 'front-end']",False,[]
2026_03_14,pod_memory_hog_shipping_001,shipping,3634,0,1,9,4.636702054995112,True,0.5,5,True,5,path_ancestors_only,shipping,"['shipping', 'user', 'orders']","['shipping', 'user', 'orders', 'front-end']",True,True,True,"['shipping', 'user']","['shipping', 'user', 'orders', 'front-end']",True,"['orders', 'front-end']"
2026_03_14,pod_memory_hog_user_001,user,3692,2,2,9,4.626134418998845,True,0.5,5,True,5,path_ancestors_only,carts,"['carts', 'user', 'front-end']","['carts', 'user', 'front-end', 'orders', 'shipping']",False,True,True,"['carts', 'user', 'front-end', 'orders', 'shipping']","['carts', 'user', 'front-end', 'orders', 'shipping']",False,[]
2026_03_14,pod_network_delay_carts_001,carts,3988,416,416,9,5.851030908059329,True,0.5,5,True,5,path_ancestors_only,front-end,"['front-end', 'orders']","['front-end', 'orders']",False,False,False,"['front-end', 'orders']","['front-end', 'orders']",False,[]
2026_03_14,pod_network_delay_catalogue_001,catalogue,4856,324,324,9,8.664476620964706,True,0.5,5,True,5,path_ancestors_only,catalogue,"['catalogue', 'carts', 'user']","['catalogue', 'carts', 'user', 'front-end', 'orders']",True,True,True,"['catalogue', 'carts', 'user', 'front-end', 'orders', 'payment']","['catalogue', 'carts', 'user', 'front-end', 'orders', 'payment']",False,[]
2026_03_14,pod_network_delay_front-end_001,front-end,3646,176,176,9,5.516054381034337,True,0.5,5,True,5,path_ancestors_only,front-end,"['front-end', 'payment', 'shipping']","['front-end', 'payment', 'shipping', 'user', 'orders']",True,True,True,"['front-end', 'payment', 'shipping', 'user', 'orders']","['front-end', 'payment', 'shipping', 'user', 'orders']",False,[]
2026_03_14,pod_network_delay_orders_001,orders,3723,141,141,9,4.497152808937244,True,0.5,5,True,5,path_ancestors_only,orders,"['orders', 'payment', 'shipping']","['orders', 'payment', 'shipping', 'front-end']",True,True,True,"['orders', 'payment', 'shipping', 'front-end']","['orders', 'payment', 'shipping', 'front-end']",False,[]
2026_03_14,pod_network_delay_payment_001,payment,4090,0,1,9,5.753177583916113,True,0.5,5,True,5,path_ancestors_only,payment,"['payment', 'front-end', 'user']","['payment', 'front-end', 'user', 'orders', 'carts']",True,True,True,"['payment', 'front-end', 'user', 'orders', 'carts']","['payment', 'front-end', 'user', 'orders', 'carts']",False,[]
2026_03_14,pod_network_delay_queue-master_001,queue-master,5205,0,1,9,7.3519829449942335,True,0.5,5,True,5,path_ancestors_only,carts,"['carts', 'user', 'orders']","['carts', 'user', 'orders', 'front-end']",False,False,False,"['carts', 'user']","['carts', 'user', 'orders', 'front-end']",True,"['orders', 'front-end']"
2026_03_14,pod_network_delay_shipping_001,shipping,4811,0,1,9,6.804338232963346,True,0.5,5,True,5,path_ancestors_only,user,"['user', 'orders', 'front-end']","['user', 'orders', 'front-end']",False,False,False,"['user', 'orders', 'front-end']","['user', 'orders', 'front-end']",False,[]
2026_03_14,pod_network_delay_user_001,user,5591,310,310,9,8.371094290982,True,0.5,5,True,5,path_ancestors_only,user,"['user', 'front-end', 'orders']","['user', 'front-end', 'orders', 'payment']",True,True,True,"['user', 'front-end', 'orders', 'payment']","['user', 'front-end', 'orders', 'payment']",False,[]
2026_03_14,pod_network_loss_carts_001,carts,4497,1,1,9,6.8054148179944605,True,0.5,5,True,5,path_ancestors_only,orders,"['orders', 'front-end']","['orders', 'front-end']",False,False,False,"['orders', 'front-end']","['orders', 'front-end']",False,[]
2026_03_14,pod_network_loss_catalogue_001,catalogue,4123,7,7,9,5.800606205011718,True,0.5,5,True,5,path_ancestors_only,catalogue,"['catalogue', 'front-end']","['catalogue', 'front-end']",True,True,True,"['catalogue', 'front-end']","['catalogue', 'front-end']",False,[]
2026_03_14,pod_network_loss_front-end_001,front-end,4851,2,2,9,7.565760352998041,True,0.5,5,True,5,path_ancestors_only,front-end,['front-end'],['front-end'],True,True,True,['front-end'],['front-end'],False,[]
2026_03_14,pod_network_loss_orders_001,orders,5598,2,2,9,8.047103211050853,True,0.5,5,True,5,path_ancestors_only,orders,"['orders', 'front-end']","['orders', 'front-end']",True,True,True,"['orders', 'front-end']","['orders', 'front-end']",False,[]
2026_03_14,pod_network_loss_payment_001,payment,4076,0,1,9,6.363985919044353,True,0.5,5,True,5,path_ancestors_only,orders,"['orders', 'front-end']","['orders', 'front-end']",False,False,False,"['orders', 'front-end']","['orders', 'front-end']",False,[]
2026_03_14,pod_network_loss_queue-master_001,queue-master,4152,0,1,9,5.560202436987311,True,0.5,5,True,5,path_ancestors_only,payment,"['payment', 'orders', 'front-end']","['payment', 'orders', 'front-end']",False,False,False,['payment'],"['payment', 'orders', 'front-end']",True,"['orders', 'front-end']"
2026_03_14,pod_network_loss_shipping_001,shipping,4425,1,1,9,6.661333144060336,True,0.5,5,True,5,path_ancestors_only,payment,"['payment', 'front-end', 'user']","['payment', 'front-end', 'user', 'orders', 'carts']",False,False,False,"['payment', 'front-end', 'user', 'orders', 'carts']","['payment', 'front-end', 'user', 'orders', 'carts']",False,[]
2026_03_14,pod_network_loss_user_001,user,4097,48,48,9,6.484034691005945,True,0.5,5,True,5,path_ancestors_only,user,"['user', 'front-end', 'orders']","['user', 'front-end', 'orders']",True,True,True,"['user', 'front-end', 'orders']","['user', 'front-end', 'orders']",False,[]
2026_03_14,pod_network_partition_carts_001,carts,3619,71,71,9,4.907851021969691,True,0.5,5,True,5,path_ancestors_only,front-end,"['front-end', 'orders', 'carts']","['front-end', 'orders', 'carts', 'user']",False,True,True,"['front-end', 'orders', 'carts', 'user']","['front-end', 'orders', 'carts', 'user']",False,[]
2026_03_14,pod_network_partition_catalogue_001,catalogue,3655,10,10,9,6.454205255955458,True,0.5,5,True,5,path_ancestors_only,front-end,"['front-end', 'carts']","['front-end', 'carts']",False,False,False,"['front-end', 'carts']","['front-end', 'carts']",False,[]
2026_03_14,pod_network_partition_front-end_001,front-end,4835,1,1,9,7.872717902064323,True,0.5,5,True,5,path_ancestors_only,carts,"['carts', 'orders', 'front-end']","['carts', 'orders', 'front-end']",False,True,True,"['carts', 'orders']","['carts', 'orders', 'front-end']",True,['front-end']
2026_03_14,pod_network_partition_orders_001,orders,4071,12,12,9,4.831410494982265,True,0.5,5,True,5,path_ancestors_only,front-end,['front-end'],['front-end'],False,False,False,['front-end'],['front-end'],False,[]
2026_03_14,pod_network_partition_payment_001,payment,5541,5,5,9,6.477315225987695,True,0.5,5,True,5,path_ancestors_only,orders,"['orders', 'front-end']","['orders', 'front-end']",False,False,False,"['orders', 'front-end']","['orders', 'front-end']",False,[]
2026_03_14,pod_network_partition_queue-master_001,queue-master,3722,0,1,9,4.517366821062751,True,0.5,5,True,5,path_ancestors_only,user,"['user', 'front-end']","['user', 'front-end']",False,False,False,['user'],"['user', 'front-end']",True,['front-end']
2026_03_14,pod_network_partition_shipping_001,shipping,4803,45,45,9,6.461236789007671,True,0.5,5,True,5,path_ancestors_only,orders,"['orders', 'shipping', 'user']","['orders', 'shipping', 'user', 'front-end']",False,True,True,"['orders', 'shipping', 'user', 'front-end']","['orders', 'shipping', 'user', 'front-end']",False,[]
2026_03_14,pod_network_partition_user_001,user,3654,7,7,9,5.3109734249301255,True,0.5,5,True,5,path_ancestors_only,orders,"['orders', 'front-end', 'user']","['orders', 'front-end', 'user']",False,True,True,"['orders', 'front-end', 'user']","['orders', 'front-end', 'user']",False,[]
2026_03_17,pod_cpu_hog_carts-db_001,carts-db,3744,1,1,9,9.781228725099936,True,0.5,5,True,5,path_ancestors_only,carts,"['carts', 'front-end']","['carts', 'front-end']",False,False,False,"['carts', 'front-end']","['carts', 'front-end']",False,[]
2026_03_17,pod_cpu_hog_carts_001,carts,4872,0,1,9,10.102312505012378,True,0.5,5,True,5,path_ancestors_only,shipping,"['shipping', 'orders', 'front-end']","['shipping', 'orders', 'front-end']",False,False,False,['shipping'],"['shipping', 'orders', 'front-end']",True,"['orders', 'front-end']"
2026_03_17,pod_cpu_hog_catalogue-db_001,catalogue-db,4888,0,1,9,7.9287233599461615,True,0.5,5,True,5,path_ancestors_only,catalogue,"['catalogue', 'front-end']","['catalogue', 'front-end']",False,False,False,"['catalogue', 'front-end']","['catalogue', 'front-end']",False,[]
2026_03_17,pod_cpu_hog_catalogue_001,catalogue,4496,1,1,9,7.020892104948871,True,0.5,5,True,5,path_ancestors_only,carts,"['carts', 'front-end']","['carts', 'front-end']",False,False,False,"['carts', 'front-end']","['carts', 'front-end']",False,[]
2026_03_17,pod_cpu_hog_front-end_001,front-end,5201,0,1,9,8.214060664991848,True,0.5,5,True,5,path_ancestors_only,shipping,"['shipping', 'user', 'front-end']","['shipping', 'user', 'front-end', 'orders']",False,True,True,"['shipping', 'user', 'front-end']","['shipping', 'user', 'front-end', 'orders']",True,['orders']
2026_03_17,pod_cpu_hog_orders-db_001,orders-db,4513,0,1,9,9.99875398306176,True,0.5,5,True,5,path_ancestors_only,payment,"['payment', 'orders', 'front-end']","['payment', 'orders', 'front-end', 'user', 'carts']",False,False,False,"['payment', 'orders', 'front-end', 'user', 'carts', 'shipping']","['payment', 'orders', 'front-end', 'user', 'carts', 'shipping']",False,[]
2026_03_17,pod_cpu_hog_orders_001,orders,5562,0,1,9,12.03541605209466,True,0.5,5,True,5,path_ancestors_only,shipping,"['shipping', 'orders', 'front-end']","['shipping', 'orders', 'front-end']",False,True,True,['shipping'],"['shipping', 'orders', 'front-end']",True,"['orders', 'front-end']"
2026_03_17,pod_cpu_hog_payment_001,payment,3723,0,1,9,5.585781006957404,True,0.5,5,True,5,path_ancestors_only,carts,"['carts', 'payment', 'orders']","['carts', 'payment', 'orders', 'front-end']",False,True,True,"['carts', 'payment', 'orders', 'front-end']","['carts', 'payment', 'orders', 'front-end']",False,[]
2026_03_17,pod_cpu_hog_queue-master_001,queue-master,4815,0,1,9,11.573851449997164,True,0.5,5,True,5,path_ancestors_only,user,"['user', 'orders', 'front-end']","['user', 'orders', 'front-end']",False,False,False,"['user', 'orders']","['user', 'orders', 'front-end']",True,['front-end']
2026_03_17,pod_cpu_hog_rabbitmq_001,rabbitmq,5630,0,1,9,7.806547601008788,True,0.5,5,True,5,path_ancestors_only,carts,"['carts', 'orders', 'shipping']","['carts', 'orders', 'shipping', 'front-end', 'user']",False,False,False,"['carts', 'orders', 'shipping', 'front-end', 'user']","['carts', 'orders', 'shipping', 'front-end', 'user']",False,[]
2026_03_17,pod_cpu_hog_session-db_001,session-db,3677,1,1,9,5.948615527013317,True,0.5,5,True,5,path_ancestors_only,shipping,"['shipping', 'orders', 'front-end']","['shipping', 'orders', 'front-end']",False,False,False,"['shipping', 'orders', 'front-end']","['shipping', 'orders', 'front-end']",False,[]
2026_03_17,pod_cpu_hog_shipping_001,shipping,4542,5,5,9,6.552271532942541,True,0.5,5,True,5,path_ancestors_only,shipping,"['shipping', 'orders', 'front-end']","['shipping', 'orders', 'front-end']",True,True,True,"['shipping', 'orders']","['shipping', 'orders', 'front-end']",True,['front-end']
2026_03_17,pod_cpu_hog_user-db_001,user-db,4846,0,1,9,9.58172326197382,True,0.5,5,True,5,path_ancestors_only,user,"['user', 'front-end', 'orders']","['user', 'front-end', 'orders', 'carts']",False,False,False,"['user', 'front-end', 'orders', 'carts']","['user', 'front-end', 'orders', 'carts']",False,[]
2026_03_17,pod_cpu_hog_user_001,user,3772,0,1,9,5.4027141919359565,True,0.5,5,True,5,path_ancestors_only,carts,"['carts', 'payment', 'orders']","['carts', 'payment', 'orders', 'front-end']",False,False,False,"['carts', 'payment']","['carts', 'payment', 'orders', 'front-end']",True,"['orders', 'front-end']"
2026_03_17,pod_do_fault_carts-db_001,carts-db,4254,255,255,9,6.339018238009885,True,0.5,5,True,5,path_ancestors_only,carts,"['carts', 'shipping', 'front-end']","['carts', 'shipping', 'front-end', 'orders', 'payment']",False,False,False,"['carts', 'shipping', 'front-end', 'orders', 'payment', 'catalogue', 'user']","['carts', 'shipping', 'front-end', 'orders', 'payment', 'catalogue', 'user']",False,[]
2026_03_17,pod_do_fault_carts_001,carts,5581,81,81,9,10.491472007939592,True,0.5,5,True,5,path_ancestors_only,carts,"['carts', 'front-end', 'orders']","['carts', 'front-end', 'orders', 'catalogue', 'user']",True,True,True,"['carts', 'front-end', 'orders', 'catalogue', 'user', 'payment', 'shipping']","['carts', 'front-end', 'orders', 'catalogue', 'user', 'payment', 'shipping']",False,[]
2026_03_17,pod_do_fault_catalogue-db_001,catalogue-db,4398,1,1,9,5.966739641036838,True,0.5,5,True,5,path_ancestors_only,catalogue,"['catalogue', 'front-end']","['catalogue', 'front-end']",False,False,False,['catalogue'],"['catalogue', 'front-end']",True,['front-end']
2026_03_17,pod_do_fault_catalogue_001,catalogue,5236,0,1,9,7.807680906029418,True,0.5,5,True,5,path_ancestors_only,carts,"['carts', 'orders', 'front-end']","['carts', 'orders', 'front-end']",False,False,False,['carts'],"['carts', 'orders', 'front-end']",True,"['orders', 'front-end']"
2026_03_17,pod_do_fault_front-end_001,front-end,4865,0,1,9,6.181495742988773,True,0.5,5,True,5,path_ancestors_only,payment,"['payment', 'orders', 'front-end']","['payment', 'orders', 'front-end']",False,True,True,"['payment', 'orders', 'front-end']","['payment', 'orders', 'front-end']",False,[]
2026_03_17,pod_do_fault_orders-db_001,orders-db,5103,91,91,9,7.166267378022894,True,0.5,5,True,5,path_ancestors_only,orders,"['orders', 'payment', 'front-end']","['orders', 'payment', 'front-end']",False,False,False,"['orders', 'payment', 'front-end']","['orders', 'payment', 'front-end']",False,[]
2026_03_17,pod_do_fault_orders_001,orders,4413,13,13,9,6.605748255038634,True,0.5,5,True,5,path_ancestors_only,payment,"['payment', 'orders', 'user']","['payment', 'orders', 'user', 'shipping', 'front-end']",False,True,True,"['payment', 'orders', 'user', 'shipping', 'front-end', 'carts']","['payment', 'orders', 'user', 'shipping', 'front-end', 'carts']",False,[]
2026_03_17,pod_do_fault_payment_001,payment,4482,0,1,9,6.086950199911371,True,0.5,5,True,5,path_ancestors_only,orders,"['orders', 'front-end']","['orders', 'front-end']",False,False,False,"['orders', 'front-end']","['orders', 'front-end']",False,[]
2026_03_17,pod_do_fault_queue-master_001,queue-master,4509,0,1,9,6.3494677289854735,True,0.5,5,True,5,path_ancestors_only,carts,"['carts', 'orders', 'front-end']","['carts', 'orders', 'front-end', 'payment']",False,False,False,"['carts', 'orders', 'front-end', 'payment']","['carts', 'orders', 'front-end', 'payment']",False,[]
2026_03_17,pod_do_fault_shipping_001,shipping,5277,9,9,9,7.439295826945454,True,0.5,5,True,5,path_ancestors_only,shipping,"['shipping', 'orders', 'front-end']","['shipping', 'orders', 'front-end', 'user', 'payment']",True,True,True,"['shipping', 'orders', 'front-end', 'user', 'payment', 'carts']","['shipping', 'orders', 'front-end', 'user', 'payment', 'carts']",False,[]
2026_03_17,pod_do_fault_user-db_001,user-db,5600,22,22,9,8.108281402033754,True,0.5,5,True,5,path_ancestors_only,front-end,['front-end'],['front-end'],False,False,False,['front-end'],['front-end'],False,[]
2026_03_17,pod_do_fault_user_001,user,3731,0,1,9,5.335080093005672,True,0.5,5,True,5,path_ancestors_only,shipping,"['shipping', 'orders', 'front-end']","['shipping', 'orders', 'front-end']",False,False,False,['shipping'],"['shipping', 'orders', 'front-end']",True,"['orders', 'front-end']"
2026_03_17,pod_io_fault_carts-db_001,carts-db,4502,23,23,9,6.236547423992306,True,0.5,5,True,5,path_ancestors_only,carts,"['carts', 'shipping', 'front-end']","['carts', 'shipping', 'front-end', 'orders', 'payment']",False,False,False,"['carts', 'shipping', 'front-end', 'orders', 'payment']","['carts', 'shipping', 'front-end', 'orders', 'payment']",False,[]
2026_03_17,pod_io_fault_orders-db_001,orders-db,4854,6,6,9,6.967871330911294,True,0.5,5,True,5,path_ancestors_only,orders,"['orders', 'front-end']","['orders', 'front-end']",False,False,False,"['orders', 'front-end']","['orders', 'front-end']",False,[]
2026_03_17,pod_io_fault_user-db_001,user-db,3675,7,7,9,4.787005385034718,True,0.5,5,True,5,path_ancestors_only,user,"['user', 'payment', 'front-end']","['user', 'payment', 'front-end', 'orders', 'shipping']",False,False,False,"['user', 'payment', 'front-end', 'orders', 'shipping']","['user', 'payment', 'front-end', 'orders', 'shipping']",False,[]
2026_03_17,pod_java_exception_carts_001,carts,5696,26,26,9,7.5150222959928215,True,0.5,5,True,5,path_ancestors_only,carts,"['carts', 'front-end', 'orders']","['carts', 'front-end', 'orders', 'user', 'catalogue']",True,True,True,"['carts', 'front-end', 'orders', 'user', 'catalogue']","['carts', 'front-end', 'orders', 'user', 'catalogue']",False,[]
2026_03_17,pod_java_exception_orders_001,orders,5657,3,3,9,7.010500697069801,True,0.5,5,True,5,path_ancestors_only,orders,"['orders', 'user', 'front-end']","['orders', 'user', 'front-end']",True,True,True,"['orders', 'user', 'front-end']","['orders', 'user', 'front-end']",False,[]
2026_03_17,pod_java_exception_shipping_001,shipping,5674,3,3,9,7.701159354997799,True,0.5,5,True,5,path_ancestors_only,orders,"['orders', 'front-end']","['orders', 'front-end']",False,False,False,"['orders', 'front-end']","['orders', 'front-end']",False,[]
2026_03_17,pod_memory_hog_carts_001,carts,4484,0,1,9,6.275558653054759,True,0.5,5,True,5,path_ancestors_only,user,"['user', 'front-end', 'orders']","['user', 'front-end', 'orders']",False,False,False,"['user', 'front-end', 'orders']","['user', 'front-end', 'orders']",False,[]
2026_03_17,pod_memory_hog_catalogue_001,catalogue,3696,0,1,9,4.897581868921407,True,0.5,5,True,5,path_ancestors_only,catalogue,"['catalogue', 'front-end']","['catalogue', 'front-end']",True,True,True,"['catalogue', 'front-end']","['catalogue', 'front-end']",False,[]
2026_03_17,pod_memory_hog_front-end_001,front-end,4091,0,1,9,5.645030891057104,True,0.5,5,True,5,path_ancestors_only,catalogue,"['catalogue', 'front-end']","['catalogue', 'front-end']",False,True,True,"['catalogue', 'front-end']","['catalogue', 'front-end']",False,[]
2026_03_17,pod_memory_hog_orders_001,orders,5282,0,1,9,6.754910702002235,True,0.5,5,True,5,path_ancestors_only,user,"['user', 'orders', 'carts']","['user', 'orders', 'carts', 'front-end']",False,True,True,"['user', 'orders', 'carts']","['user', 'orders', 'carts', 'front-end']",True,['front-end']
2026_03_17,pod_memory_hog_payment_001,payment,3741,0,1,9,5.091547204996459,True,0.5,5,True,5,path_ancestors_only,shipping,"['shipping', 'carts', 'orders']","['shipping', 'carts', 'orders', 'payment', 'front-end']",False,False,True,"['shipping', 'carts', 'orders', 'payment', 'front-end', 'user']","['shipping', 'carts', 'orders', 'payment', 'front-end', 'user']",False,[]
2026_03_17,pod_memory_hog_queue-master_001,queue-master,3972,0,1,9,5.193854863988236,True,0.5,5,True,5,path_ancestors_only,user,"['user', 'front-end']","['user', 'front-end']",False,False,False,"['user', 'front-end']","['user', 'front-end']",False,[]
2026_03_17,pod_memory_hog_shipping_001,shipping,4480,0,1,9,5.667356282006949,True,0.5,5,True,5,path_ancestors_only,carts,"['carts', 'orders', 'front-end']","['carts', 'orders', 'front-end']",False,False,False,['carts'],"['carts', 'orders', 'front-end']",True,"['orders', 'front-end']"
2026_03_17,pod_memory_hog_user_001,user,3691,0,1,9,4.7812741349916905,True,0.5,5,True,5,path_ancestors_only,carts,"['carts', 'orders', 'front-end']","['carts', 'orders', 'front-end']",False,False,False,"['carts', 'orders']","['carts', 'orders', 'front-end']",True,['front-end']
2026_03_17,pod_network_delay_carts_001,carts,4860,433,433,9,7.578120356076397,True,0.5,5,True,5,path_ancestors_only,carts,"['carts', 'front-end', 'orders']","['carts', 'front-end', 'orders', 'user', 'catalogue']",True,True,True,"['carts', 'front-end', 'orders', 'user', 'catalogue', 'payment']","['carts', 'front-end', 'orders', 'user', 'catalogue', 'payment']",False,[]
2026_03_17,pod_network_delay_catalogue_001,catalogue,4043,336,336,9,6.161254232982174,True,0.5,5,True,5,path_ancestors_only,catalogue,"['catalogue', 'front-end']","['catalogue', 'front-end']",True,True,True,"['catalogue', 'front-end']","['catalogue', 'front-end']",False,[]
2026_03_17,pod_network_delay_front-end_001,front-end,3698,533,533,9,6.647117026965134,True,0.5,5,True,5,path_ancestors_only,front-end,"['front-end', 'payment', 'user']","['front-end', 'payment', 'user', 'carts', 'catalogue']",True,True,True,"['front-end', 'payment', 'user', 'carts', 'catalogue', 'orders']","['front-end', 'payment', 'user', 'carts', 'catalogue', 'orders']",False,[]
2026_03_17,pod_network_delay_orders_001,orders,5577,161,161,9,7.035258371033706,True,0.5,5,True,5,path_ancestors_only,orders,"['orders', 'payment', 'user']","['orders', 'payment', 'user', 'carts', 'shipping']",True,True,True,"['orders', 'payment', 'user', 'carts', 'shipping', 'front-end']","['orders', 'payment', 'user', 'carts', 'shipping', 'front-end']",False,[]
2026_03_17,pod_network_delay_payment_001,payment,4798,0,1,9,6.132591833011247,True,0.5,5,True,5,path_ancestors_only,orders,"['orders', 'front-end']","['orders', 'front-end']",False,False,False,"['orders', 'front-end']","['orders', 'front-end']",False,[]
2026_03_17,pod_network_delay_queue-master_001,queue-master,5257,0,1,9,6.734540728037246,True,0.5,5,True,5,path_ancestors_only,shipping,"['shipping', 'payment', 'orders']","['shipping', 'payment', 'orders', 'front-end', 'user']",False,False,False,"['shipping', 'payment', 'orders', 'front-end', 'user']","['shipping', 'payment', 'orders', 'front-end', 'user']",False,[]
2026_03_17,pod_network_delay_shipping_001,shipping,5534,0,1,9,6.816240917891264,True,0.5,5,True,5,path_ancestors_only,carts,"['carts', 'orders', 'front-end']","['carts', 'orders', 'front-end', 'user']",False,False,False,"['carts', 'orders', 'front-end', 'user']","['carts', 'orders', 'front-end', 'user']",False,[]
2026_03_17,pod_network_delay_user_001,user,3723,319,319,9,5.230187979992479,True,0.5,5,True,5,path_ancestors_only,user,"['user', 'front-end', 'orders']","['user', 'front-end', 'orders', 'payment']",True,True,True,"['user', 'front-end', 'orders', 'payment']","['user', 'front-end', 'orders', 'payment']",False,[]
2026_03_17,pod_network_loss_carts_001,carts,3720,15,15,9,4.623943562968634,True,0.5,5,True,5,path_ancestors_only,carts,"['carts', 'orders', 'front-end']","['carts', 'orders', 'front-end']",True,True,True,"['carts', 'orders', 'front-end']","['carts', 'orders', 'front-end']",False,[]
2026_03_17,pod_network_loss_catalogue_001,catalogue,4095,19,19,9,5.225196168059483,True,0.5,5,True,5,path_ancestors_only,catalogue,"['catalogue', 'shipping', 'payment']","['catalogue', 'shipping', 'payment', 'front-end', 'orders']",True,True,True,"['catalogue', 'shipping', 'payment', 'front-end', 'orders']","['catalogue', 'shipping', 'payment', 'front-end', 'orders']",False,[]
2026_03_17,pod_network_loss_front-end_001,front-end,4824,2,2,9,6.070759813068435,True,0.5,5,True,5,path_ancestors_only,front-end,['front-end'],['front-end'],True,True,True,['front-end'],['front-end'],False,[]
2026_03_17,pod_network_loss_orders_001,orders,3691,16,16,9,4.5307083539664745,True,0.5,5,True,5,path_ancestors_only,orders,"['orders', 'payment', 'user']","['orders', 'payment', 'user', 'shipping', 'carts']",True,True,True,"['orders', 'payment', 'user', 'shipping', 'carts', 'front-end']","['orders', 'payment', 'user', 'shipping', 'carts', 'front-end']",False,[]
2026_03_17,pod_network_loss_payment_001,payment,4119,4,4,9,5.015800331020728,True,0.5,5,True,5,path_ancestors_only,orders,"['orders', 'front-end']","['orders', 'front-end']",False,False,False,"['orders', 'front-end']","['orders', 'front-end']",False,[]
2026_03_17,pod_network_loss_queue-master_001,queue-master,5690,0,1,9,7.159539290005341,True,0.5,5,True,5,path_ancestors_only,shipping,"['shipping', 'orders', 'user']","['shipping', 'orders', 'user', 'front-end']",False,False,False,"['shipping', 'orders', 'user']","['shipping', 'orders', 'user', 'front-end']",True,['front-end']
2026_03_17,pod_network_loss_shipping_001,shipping,5168,1,1,9,6.071297972928733,True,0.5,5,True,5,path_ancestors_only,orders,"['orders', 'front-end']","['orders', 'front-end']",False,False,False,"['orders', 'front-end']","['orders', 'front-end']",False,[]
2026_03_17,pod_network_loss_user_001,user,4058,55,55,9,4.6450276779942214,True,0.5,5,True,5,path_ancestors_only,user,"['user', 'orders', 'carts']","['user', 'orders', 'carts', 'front-end']",True,True,True,"['user', 'orders', 'carts', 'front-end']","['user', 'orders', 'carts', 'front-end']",False,[]
2026_03_17,pod_network_partition_carts_001,carts,5296,78,78,9,6.234409454045817,True,0.5,5,True,5,path_ancestors_only,front-end,"['front-end', 'orders', 'carts']","['front-end', 'orders', 'carts', 'payment']",False,True,True,"['front-end', 'orders', 'carts', 'payment']","['front-end', 'orders', 'carts', 'payment']",False,[]
2026_03_17,pod_network_partition_catalogue_001,catalogue,4803,2,2,9,5.427580261020921,True,0.5,5,True,5,path_ancestors_only,front-end,"['front-end', 'carts']","['front-end', 'carts']",False,False,False,"['front-end', 'carts']","['front-end', 'carts']",False,[]
2026_03_17,pod_network_partition_front-end_001,front-end,4425,0,1,9,4.926432391046546,True,0.5,5,True,5,path_ancestors_only,carts,"['carts', 'orders', 'front-end']","['carts', 'orders', 'front-end']",False,True,True,['carts'],"['carts', 'orders', 'front-end']",True,"['orders', 'front-end']"
2026_03_17,pod_network_partition_orders_001,orders,5232,24,24,9,6.132450762088411,True,0.5,5,True,5,path_ancestors_only,front-end,"['front-end', 'orders', 'user']","['front-end', 'orders', 'user', 'shipping']",False,True,True,"['front-end', 'orders', 'user', 'shipping']","['front-end', 'orders', 'user', 'shipping']",False,[]
2026_03_17,pod_network_partition_payment_001,payment,3674,6,6,9,4.295101199997589,True,0.5,5,True,5,path_ancestors_only,orders,"['orders', 'front-end']","['orders', 'front-end']",False,False,False,"['orders', 'front-end']","['orders', 'front-end']",False,[]
2026_03_17,pod_network_partition_queue-master_001,queue-master,4844,3,3,9,5.57044467900414,True,0.5,5,True,5,path_ancestors_only,carts,"['carts', 'front-end']","['carts', 'front-end']",False,False,False,"['carts', 'front-end']","['carts', 'front-end']",False,[]
2026_03_17,pod_network_partition_shipping_001,shipping,3733,49,49,9,4.419749188004062,True,0.5,5,True,5,path_ancestors_only,orders,"['orders', 'carts', 'payment']","['orders', 'carts', 'payment', 'shipping', 'front-end']",False,False,True,"['orders', 'carts', 'payment', 'shipping', 'front-end']","['orders', 'carts', 'payment', 'shipping', 'front-end']",False,[]
2026_03_17,pod_network_partition_user_001,user,3654,9,9,9,4.147559350007214,True,0.5,5,True,5,path_ancestors_only,orders,"['orders', 'front-end']","['orders', 'front-end']",False,False,False,"['orders', 'front-end']","['orders', 'front-end']",False,[]
2026_03_18,pod_cpu_hog_carts-db_001,carts-db,5613,0,1,9,6.201509865000844,True,0.5,5,True,5,path_ancestors_only,user,"['user', 'front-end', 'orders']","['user', 'front-end', 'orders']",False,False,False,"['user', 'front-end']","['user', 'front-end', 'orders']",True,['orders']
2026_03_18,pod_cpu_hog_carts_001,carts,4435,2,2,9,6.3847936789970845,True,0.5,5,True,5,path_ancestors_only,carts,"['carts', 'orders', 'front-end']","['carts', 'orders', 'front-end']",True,True,True,"['carts', 'orders', 'front-end']","['carts', 'orders', 'front-end']",False,[]
2026_03_18,pod_cpu_hog_catalogue-db_001,catalogue-db,4447,0,1,9,7.238190989010036,True,0.5,5,True,5,path_ancestors_only,catalogue,"['catalogue', 'front-end', 'carts']","['catalogue', 'front-end', 'carts']",False,False,False,"['catalogue', 'front-end', 'carts']","['catalogue', 'front-end', 'carts']",False,[]
2026_03_18,pod_cpu_hog_catalogue_001,catalogue,5615,0,1,9,6.637977625010535,True,0.5,5,True,5,path_ancestors_only,payment,"['payment', 'user', 'front-end']","['payment', 'user', 'front-end', 'orders']",False,False,False,"['payment', 'user', 'front-end']","['payment', 'user', 'front-end', 'orders']",True,['orders']
2026_03_18,pod_cpu_hog_front-end_001,front-end,4046,1,1,9,4.579938753973693,True,0.5,5,True,5,path_ancestors_only,carts,"['carts', 'orders', 'front-end']","['carts', 'orders', 'front-end']",False,True,True,"['carts', 'orders', 'front-end']","['carts', 'orders', 'front-end']",False,[]
2026_03_18,pod_cpu_hog_orders-db_001,orders-db,3732,0,1,9,4.006470188964158,True,0.5,5,True,5,path_ancestors_only,user,"['user', 'front-end']","['user', 'front-end']",False,False,False,['user'],"['user', 'front-end']",True,['front-end']
2026_03_18,pod_cpu_hog_orders_001,orders,4435,0,1,9,4.776684666052461,True,0.5,5,True,5,path_ancestors_only,user,"['user', 'front-end']","['user', 'front-end']",False,False,False,['user'],"['user', 'front-end']",True,['front-end']
2026_03_18,pod_cpu_hog_payment_001,payment,5506,0,1,9,9.620315277948976,True,0.5,5,True,5,path_ancestors_only,payment,"['payment', 'orders', 'front-end']","['payment', 'orders', 'front-end', 'user', 'shipping']",True,True,True,"['payment', 'orders', 'front-end', 'user', 'shipping']","['payment', 'orders', 'front-end', 'user', 'shipping']",False,[]
2026_03_18,pod_cpu_hog_queue-master_001,queue-master,4532,1,1,9,4.900106290937401,True,0.5,5,True,5,path_ancestors_only,carts,"['carts', 'orders', 'front-end']","['carts', 'orders', 'front-end']",False,False,False,"['carts', 'orders']","['carts', 'orders', 'front-end']",True,['front-end']
2026_03_18,pod_cpu_hog_rabbitmq_001,rabbitmq,3772,0,0,9,4.210734710097313,True,0.5,5,True,5,path_ancestors_only,,[],[],False,False,False,[],[],False,[]
2026_03_18,pod_cpu_hog_session-db_001,session-db,4887,0,1,9,5.451518907095306,True,0.5,5,True,5,path_ancestors_only,carts,"['carts', 'orders', 'front-end']","['carts', 'orders', 'front-end']",False,False,False,"['carts', 'orders', 'front-end']","['carts', 'orders', 'front-end']",False,[]
2026_03_18,pod_cpu_hog_shipping_001,shipping,4529,0,1,9,4.885915863094851,True,0.5,5,True,5,path_ancestors_only,user,"['user', 'front-end']","['user', 'front-end']",False,False,False,"['user', 'front-end']","['user', 'front-end']",False,[]
2026_03_18,pod_cpu_hog_user-db_001,user-db,4893,0,1,9,5.880991938058287,True,0.5,5,True,5,path_ancestors_only,payment,"['payment', 'orders', 'front-end']","['payment', 'orders', 'front-end']",False,False,False,['payment'],"['payment', 'orders', 'front-end']",True,"['orders', 'front-end']"
2026_03_18,pod_cpu_hog_user_001,user,5580,0,1,9,6.35405881900806,True,0.5,5,True,5,path_ancestors_only,user,"['user', 'orders', 'front-end']","['user', 'orders', 'front-end']",True,True,True,['user'],"['user', 'orders', 'front-end']",True,"['orders', 'front-end']"
2026_03_18,pod_do_fault_carts-db_001,carts-db,4270,235,235,9,5.076105549000204,True,0.5,5,True,5,path_ancestors_only,carts,"['carts', 'front-end', 'orders']","['carts', 'front-end', 'orders', 'shipping', 'payment']",False,False,False,"['carts', 'front-end', 'orders', 'shipping', 'payment']","['carts', 'front-end', 'orders', 'shipping', 'payment']",False,[]
2026_03_18,pod_do_fault_carts_001,carts,5200,9,9,9,5.6784403240308166,True,0.5,5,True,5,path_ancestors_only,carts,"['carts', 'front-end', 'orders']","['carts', 'front-end', 'orders']",True,True,True,"['carts', 'front-end', 'orders']","['carts', 'front-end', 'orders']",False,[]
2026_03_18,pod_do_fault_catalogue-db_001,catalogue-db,5245,1,1,9,5.86336072802078,True,0.5,5,True,5,path_ancestors_only,catalogue,"['catalogue', 'front-end']","['catalogue', 'front-end']",False,False,False,"['catalogue', 'front-end']","['catalogue', 'front-end']",False,[]
2026_03_18,pod_do_fault_catalogue_001,catalogue,4102,0,0,9,4.327399441041052,True,0.5,5,True,5,path_ancestors_only,,[],[],False,False,False,[],[],False,[]
2026_03_18,pod_do_fault_front-end_001,front-end,4411,0,0,9,6.531510096974671,True,0.5,5,True,5,path_ancestors_only,,[],[],False,False,False,[],[],False,[]
2026_03_18,pod_do_fault_orders-db_001,orders-db,4372,100,100,9,4.964701651013456,True,0.5,5,True,5,path_ancestors_only,orders,"['orders', 'shipping', 'payment']","['orders', 'shipping', 'payment', 'front-end', 'user']",False,False,False,"['orders', 'shipping', 'payment', 'front-end', 'user']","['orders', 'shipping', 'payment', 'front-end', 'user']",False,[]
2026_03_18,pod_do_fault_orders_001,orders,4118,3,3,9,4.391169528942555,True,0.5,5,True,5,path_ancestors_only,orders,"['orders', 'front-end']","['orders', 'front-end']",True,True,True,"['orders', 'front-end']","['orders', 'front-end']",False,[]
2026_03_18,pod_do_fault_payment_001,payment,5269,0,0,9,5.719030409003608,True,0.5,5,True,5,path_ancestors_only,,[],[],False,False,False,[],[],False,[]
2026_03_18,pod_do_fault_queue-master_001,queue-master,4498,0,1,9,4.872680317028426,True,0.5,5,True,5,path_ancestors_only,user,"['user', 'front-end', 'orders']","['user', 'front-end', 'orders']",False,False,False,"['user', 'front-end', 'orders']","['user', 'front-end', 'orders']",False,[]
2026_03_18,pod_do_fault_shipping_001,shipping,4478,5,5,9,4.861033695051447,True,0.5,5,True,5,path_ancestors_only,shipping,"['shipping', 'orders', 'front-end']","['shipping', 'orders', 'front-end']",True,True,True,"['shipping', 'orders', 'front-end']","['shipping', 'orders', 'front-end']",False,[]
2026_03_18,pod_do_fault_user-db_001,user-db,5254,11,11,9,6.369687161059119,True,0.5,5,True,5,path_ancestors_only,front-end,['front-end'],['front-end'],False,False,False,['front-end'],['front-end'],False,[]
2026_03_18,pod_do_fault_user_001,user,4390,1,1,9,4.796211170963943,True,0.5,5,True,5,path_ancestors_only,carts,"['carts', 'orders']","['carts', 'orders']",False,False,False,['carts'],"['carts', 'orders']",True,['orders']
2026_03_18,pod_io_fault_carts-db_001,carts-db,4481,24,24,9,5.066933301044628,True,0.5,5,True,5,path_ancestors_only,carts,"['carts', 'front-end', 'orders']","['carts', 'front-end', 'orders', 'catalogue', 'shipping']",False,False,False,"['carts', 'front-end', 'orders', 'catalogue', 'shipping', 'payment']","['carts', 'front-end', 'orders', 'catalogue', 'shipping', 'payment']",False,[]
2026_03_18,pod_io_fault_orders-db_001,orders-db,5566,5,5,9,5.898099988000467,True,0.5,5,True,5,path_ancestors_only,orders,"['orders', 'user', 'front-end']","['orders', 'user', 'front-end']",False,False,False,"['orders', 'user', 'front-end']","['orders', 'user', 'front-end']",False,[]
2026_03_18,pod_io_fault_user-db_001,user-db,4473,7,7,9,4.828608721029013,True,0.5,5,True,5,path_ancestors_only,user,"['user', 'payment', 'shipping']","['user', 'payment', 'shipping', 'front-end', 'orders']",False,False,False,"['user', 'payment', 'shipping', 'front-end']","['user', 'payment', 'shipping', 'front-end', 'orders']",True,['orders']
2026_03_18,pod_java_exception_carts_001,carts,4422,15,15,9,4.940903309034184,True,0.5,5,True,5,path_ancestors_only,carts,"['carts', 'front-end', 'orders']","['carts', 'front-end', 'orders']",True,True,True,"['carts', 'front-end', 'orders']","['carts', 'front-end', 'orders']",False,[]
2026_03_18,pod_java_exception_orders_001,orders,4082,2,0,9,4.40778516291175,True,0.5,5,True,5,path_ancestors_only,,[],[],False,False,False,[],[],False,[]
2026_03_18,pod_java_exception_shipping_001,shipping,3698,0,1,9,4.002748752012849,True,0.5,5,True,5,path_ancestors_only,user,"['user', 'front-end']","['user', 'front-end']",False,False,False,['user'],"['user', 'front-end']",True,['front-end']
2026_03_18,pod_memory_hog_carts_001,carts,4428,0,1,9,5.014777602977119,True,0.5,5,True,5,path_ancestors_only,carts,"['carts', 'orders', 'front-end']","['carts', 'orders', 'front-end']",True,True,True,"['carts', 'orders']","['carts', 'orders', 'front-end']",True,['front-end']
2026_03_18,pod_memory_hog_catalogue_001,catalogue,4511,0,1,9,4.898112720926292,True,0.5,5,True,5,path_ancestors_only,user,"['user', 'orders', 'front-end']","['user', 'orders', 'front-end']",False,False,False,['user'],"['user', 'orders', 'front-end']",True,"['orders', 'front-end']"
2026_03_18,pod_memory_hog_front-end_001,front-end,4438,0,1,9,4.751793195027858,True,0.5,5,True,5,path_ancestors_only,shipping,"['shipping', 'orders', 'front-end']","['shipping', 'orders', 'front-end']",False,True,True,['shipping'],"['shipping', 'orders', 'front-end']",True,"['orders', 'front-end']"
2026_03_18,pod_memory_hog_orders_001,orders,4484,0,1,9,4.924428610014729,True,0.5,5,True,5,path_ancestors_only,user,"['user', 'orders', 'front-end']","['user', 'orders', 'front-end', 'carts', 'shipping']",False,True,True,"['user', 'orders', 'front-end', 'carts', 'shipping', 'payment']","['user', 'orders', 'front-end', 'carts', 'shipping', 'payment']",False,[]
2026_03_18,pod_memory_hog_payment_001,payment,4881,1,1,9,5.738771355012432,True,0.5,5,True,5,path_ancestors_only,payment,"['payment', 'orders', 'front-end']","['payment', 'orders', 'front-end', 'user', 'shipping']",True,True,True,"['payment', 'orders', 'front-end', 'user', 'shipping']","['payment', 'orders', 'front-end', 'user', 'shipping']",False,[]
2026_03_18,pod_memory_hog_queue-master_001,queue-master,3760,1,1,9,4.037979144020937,True,0.5,5,True,5,path_ancestors_only,carts,"['carts', 'orders', 'front-end']","['carts', 'orders', 'front-end']",False,False,False,"['carts', 'orders', 'front-end']","['carts', 'orders', 'front-end']",False,[]
2026_03_18,pod_memory_hog_shipping_001,shipping,5561,0,1,9,6.074537732056342,True,0.5,5,True,5,path_ancestors_only,shipping,"['shipping', 'orders', 'front-end']","['shipping', 'orders', 'front-end']",True,True,True,['shipping'],"['shipping', 'orders', 'front-end']",True,"['orders', 'front-end']"
2026_03_18,pod_memory_hog_user_001,user,4835,0,1,9,5.13988716294989,True,0.5,5,True,5,path_ancestors_only,carts,"['carts', 'orders', 'front-end']","['carts', 'orders', 'front-end']",False,False,False,"['carts', 'orders']","['carts', 'orders', 'front-end']",True,['front-end']
2026_03_18,pod_network_delay_carts_001,carts,4464,427,427,9,5.7686246720841154,True,0.5,5,True,5,path_ancestors_only,carts,"['carts', 'front-end', 'orders']","['carts', 'front-end', 'orders', 'catalogue', 'user']",True,True,True,"['carts', 'front-end', 'orders', 'catalogue', 'user', 'shipping', 'payment']","['carts', 'front-end', 'orders', 'catalogue', 'user', 'shipping', 'payment']",False,[]
2026_03_18,pod_network_delay_catalogue_001,catalogue,4091,338,338,9,5.449211037019268,True,0.5,5,True,5,path_ancestors_only,catalogue,"['catalogue', 'front-end']","['catalogue', 'front-end']",True,True,True,"['catalogue', 'front-end']","['catalogue', 'front-end']",False,[]
2026_03_18,pod_network_delay_front-end_001,front-end,4418,80,80,9,4.88075025298167,True,0.5,5,True,5,path_ancestors_only,front-end,"['front-end', 'user', 'payment']","['front-end', 'user', 'payment', 'orders']",True,True,True,"['front-end', 'user', 'payment', 'orders']","['front-end', 'user', 'payment', 'orders']",False,[]
2026_03_18,pod_network_delay_orders_001,orders,5264,138,138,9,6.163690279005095,True,0.5,5,True,5,path_ancestors_only,orders,"['orders', 'payment', 'shipping']","['orders', 'payment', 'shipping', 'front-end']",True,True,True,"['orders', 'payment', 'shipping', 'front-end']","['orders', 'payment', 'shipping', 'front-end']",False,[]
2026_03_18,pod_network_delay_payment_001,payment,5289,0,1,9,5.637899065972306,True,0.5,5,True,5,path_ancestors_only,orders,"['orders', 'front-end']","['orders', 'front-end']",False,False,False,"['orders', 'front-end']","['orders', 'front-end']",False,[]
2026_03_18,pod_network_delay_queue-master_001,queue-master,5301,0,1,9,5.638021233957261,True,0.5,5,True,5,path_ancestors_only,shipping,"['shipping', 'orders', 'front-end']","['shipping', 'orders', 'front-end']",False,False,False,['shipping'],"['shipping', 'orders', 'front-end']",True,"['orders', 'front-end']"
2026_03_18,pod_network_delay_shipping_001,shipping,4730,0,1,9,5.3082555489381775,True,0.5,5,True,5,path_ancestors_only,orders,"['orders', 'front-end']","['orders', 'front-end']",False,False,False,"['orders', 'front-end']","['orders', 'front-end']",False,[]
2026_03_18,pod_network_delay_user_001,user,5582,314,314,9,6.821390814962797,True,0.5,5,True,5,path_ancestors_only,user,"['user', 'carts', 'front-end']","['user', 'carts', 'front-end', 'orders', 'payment']",True,True,True,"['user', 'carts', 'front-end', 'orders', 'payment', 'shipping']","['user', 'carts', 'front-end', 'orders', 'payment', 'shipping']",False,[]
2026_03_18,pod_network_loss_carts_001,carts,3791,2,2,9,4.351791039924137,True,0.5,5,True,5,path_ancestors_only,carts,"['carts', 'orders', 'front-end']","['carts', 'orders', 'front-end']",True,True,True,"['carts', 'orders', 'front-end']","['carts', 'orders', 'front-end']",False,[]
2026_03_18,pod_network_loss_catalogue_001,catalogue,5227,12,12,9,5.567928379052319,True,0.5,5,True,5,path_ancestors_only,catalogue,"['catalogue', 'front-end']","['catalogue', 'front-end']",True,True,True,"['catalogue', 'front-end']","['catalogue', 'front-end']",False,[]
2026_03_18,pod_network_loss_front-end_001,front-end,4837,0,1,9,5.151887702988461,True,0.5,5,True,5,path_ancestors_only,user,"['user', 'shipping', 'carts']","['user', 'shipping', 'carts', 'orders', 'front-end']",False,False,True,"['user', 'shipping', 'carts', 'orders', 'front-end', 'payment']","['user', 'shipping', 'carts', 'orders', 'front-end', 'payment']",False,[]
2026_03_18,pod_network_loss_orders_001,orders,4823,8,8,9,5.334880252950825,True,0.5,5,True,5,path_ancestors_only,orders,"['orders', 'front-end']","['orders', 'front-end']",True,True,True,"['orders', 'front-end']","['orders', 'front-end']",False,[]
2026_03_18,pod_network_loss_payment_001,payment,3681,0,1,9,3.9298089490039274,True,0.5,5,True,5,path_ancestors_only,orders,"['orders', 'front-end']","['orders', 'front-end']",False,False,False,"['orders', 'front-end']","['orders', 'front-end']",False,[]
2026_03_18,pod_network_loss_queue-master_001,queue-master,5548,0,1,9,5.873192559927702,True,0.5,5,True,5,path_ancestors_only,payment,"['payment', 'shipping', 'orders']","['payment', 'shipping', 'orders', 'front-end', 'user']",False,False,False,"['payment', 'shipping', 'orders', 'front-end', 'user', 'carts']","['payment', 'shipping', 'orders', 'front-end', 'user', 'carts']",False,[]
2026_03_18,pod_network_loss_shipping_001,shipping,4473,0,1,9,5.039835739065893,True,0.5,5,True,5,path_ancestors_only,orders,"['orders', 'front-end']","['orders', 'front-end']",False,False,False,"['orders', 'front-end']","['orders', 'front-end']",False,[]
2026_03_18,pod_network_loss_user_001,user,4107,40,40,9,4.477955542970449,True,0.5,5,True,5,path_ancestors_only,user,"['user', 'front-end', 'orders']","['user', 'front-end', 'orders']",True,True,True,"['user', 'front-end', 'orders']","['user', 'front-end', 'orders']",False,[]
2026_03_18,pod_network_partition_carts_001,carts,4047,99,99,9,4.46046617301181,True,0.5,5,True,5,path_ancestors_only,front-end,"['front-end', 'orders', 'catalogue']","['front-end', 'orders', 'catalogue', 'carts']",False,False,True,"['front-end', 'orders', 'catalogue', 'carts']","['front-end', 'orders', 'catalogue', 'carts']",False,[]
2026_03_18,pod_network_partition_catalogue_001,catalogue,4004,3,3,9,4.4759490749565884,True,0.5,5,True,5,path_ancestors_only,carts,"['carts', 'front-end']","['carts', 'front-end']",False,False,False,"['carts', 'front-end']","['carts', 'front-end']",False,[]
2026_03_18,pod_network_partition_front-end_001,front-end,5539,1,1,9,6.299807279952802,True,0.5,5,True,5,path_ancestors_only,carts,['carts'],['carts'],False,False,False,['carts'],['carts'],False,[]
2026_03_18,pod_network_partition_orders_001,orders,4026,21,21,9,4.493940016021952,True,0.5,5,True,5,path_ancestors_only,front-end,"['front-end', 'user', 'payment']","['front-end', 'user', 'payment', 'orders']",False,False,True,"['front-end', 'user', 'payment', 'orders']","['front-end', 'user', 'payment', 'orders']",False,[]
2026_03_18,pod_network_partition_payment_001,payment,5122,6,6,9,5.732176833087578,True,0.5,5,True,5,path_ancestors_only,orders,"['orders', 'front-end']","['orders', 'front-end']",False,False,False,"['orders', 'front-end']","['orders', 'front-end']",False,[]
2026_03_18,pod_network_partition_queue-master_001,queue-master,3761,0,1,9,4.018705038004555,True,0.5,5,True,5,path_ancestors_only,catalogue,"['catalogue', 'front-end']","['catalogue', 'front-end']",False,False,False,['catalogue'],"['catalogue', 'front-end']",True,['front-end']
2026_03_18,pod_network_partition_shipping_001,shipping,4825,34,34,9,5.230506979976781,True,0.5,5,True,5,path_ancestors_only,orders,"['orders', 'payment', 'front-end']","['orders', 'payment', 'front-end']",False,False,False,"['orders', 'payment', 'front-end']","['orders', 'payment', 'front-end']",False,[]
2026_03_18,pod_network_partition_user_001,user,5251,10,10,9,5.752888059010729,True,0.5,5,True,5,path_ancestors_only,orders,"['orders', 'front-end']","['orders', 'front-end']",False,False,False,"['orders', 'front-end']","['orders', 'front-end']",False,[]
