telemetry_day,exp_id,ground_truth_service,fault_start,fault_end,runtime_seconds,predicted_service_top1,predicted_service_top3,predicted_service_top5,service_top1_hit,service_top3_hit,service_top5_hit
2026_03_12,pod_cpu_hog_carts-db_001,carts-db,2026-03-12 00:25:24,2026-03-12 00:30:24,0.05026881000958383,front-end,"['front-end', 'orders', 'user']","['front-end', 'orders', 'user', 'catalogue', 'orders-db']",False,False,False
2026_03_12,pod_cpu_hog_carts_001,carts,2026-03-12 10:54:34,2026-03-12 10:59:34,0.10627235099673271,front-end,"['front-end', 'orders', 'user']","['front-end', 'orders', 'user', 'catalogue', 'orders-db']",False,False,False
2026_03_12,pod_cpu_hog_catalogue-db_001,catalogue-db,2026-03-12 02:18:52,2026-03-12 02:23:52,0.030368998006451875,orders,"['orders', 'user', 'front-end']","['orders', 'user', 'front-end', 'catalogue', 'orders-db']",False,False,False
2026_03_12,pod_cpu_hog_catalogue_001,catalogue,2026-03-12 08:32:08,2026-03-12 08:37:08,0.027543423988390714,orders,"['orders', 'user', 'front-end']","['orders', 'user', 'front-end', 'catalogue', 'orders-db']",False,False,True
2026_03_12,pod_cpu_hog_front-end_001,front-end,2026-03-12 11:43:27,2026-03-12 11:48:27,0.0272954639949603,front-end,"['front-end', 'orders', 'user']","['front-end', 'orders', 'user', 'catalogue', 'orders-db']",True,True,True
2026_03_12,pod_cpu_hog_orders-db_001,orders-db,2026-03-12 18:18:11,2026-03-12 18:23:11,0.02681520899932366,orders,"['orders', 'user', 'front-end']","['orders', 'user', 'front-end', 'catalogue', 'orders-db']",False,False,True
2026_03_12,pod_cpu_hog_orders_001,orders,2026-03-12 22:33:01,2026-03-12 22:38:01,0.02680255300947465,front-end,"['front-end', 'orders', 'user']","['front-end', 'orders', 'user', 'catalogue', 'orders-db']",False,True,True
2026_03_12,pod_cpu_hog_payment_001,payment,2026-03-12 01:28:41,2026-03-12 01:33:41,0.02724730799673125,front-end,"['front-end', 'orders', 'user']","['front-end', 'orders', 'user', 'catalogue', 'orders-db']",False,False,False
2026_03_12,pod_cpu_hog_queue-master_001,queue-master,2026-03-12 06:53:30,2026-03-12 06:58:30,0.026254083000821993,orders,"['orders', 'user', 'front-end']","['orders', 'user', 'front-end', 'catalogue', 'orders-db']",False,False,False
2026_03_12,pod_cpu_hog_rabbitmq_001,rabbitmq,2026-03-12 15:00:52,2026-03-12 15:05:52,0.026729552992037497,orders,"['orders', 'user', 'front-end']","['orders', 'user', 'front-end', 'catalogue', 'orders-db']",False,False,False
2026_03_12,pod_cpu_hog_session-db_001,session-db,2026-03-12 17:15:45,2026-03-12 17:20:45,0.027171998997800983,front-end,"['front-end', 'orders', 'user']","['front-end', 'orders', 'user', 'catalogue', 'orders-db']",False,False,False
2026_03_12,pod_cpu_hog_shipping_001,shipping,2026-03-12 19:30:26,2026-03-12 19:35:26,0.026894744994933717,front-end,"['front-end', 'orders', 'user']","['front-end', 'orders', 'user', 'catalogue', 'orders-db']",False,False,False
2026_03_12,pod_cpu_hog_user-db_001,user-db,2026-03-12 14:42:25,2026-03-12 14:47:25,0.02893226499145385,front-end,"['front-end', 'orders', 'user']","['front-end', 'orders', 'user', 'catalogue', 'orders-db']",False,False,False
2026_03_12,pod_cpu_hog_user_001,user,2026-03-12 07:10:06,2026-03-12 07:15:06,0.027239224989898503,orders,"['orders', 'user', 'front-end']","['orders', 'user', 'front-end', 'catalogue', 'orders-db']",False,True,True
2026_03_12,pod_do_fault_carts-db_001,carts-db,2026-03-12 17:44:56,2026-03-12 17:49:56,0.027901624998776242,carts,"['carts', 'orders', 'front-end']","['carts', 'orders', 'front-end', 'carts-db', 'mongodb-exporter']",False,False,True
2026_03_12,pod_do_fault_carts_001,carts,2026-03-12 18:32:09,2026-03-12 18:37:09,0.02690178000193555,orders,"['orders', 'front-end', 'carts']","['orders', 'front-end', 'carts', 'user', 'catalogue']",False,True,True
2026_03_12,pod_do_fault_catalogue-db_001,catalogue-db,2026-03-12 04:45:44,2026-03-12 04:50:44,0.027142181003000587,carts,"['carts', 'front-end', 'catalogue']","['carts', 'front-end', 'catalogue', 'catalogue-db', 'mysql-exporter']",False,False,True
2026_03_12,pod_do_fault_catalogue_001,catalogue,2026-03-12 11:57:32,2026-03-12 12:02:32,0.06592181799351238,catalogue,"['catalogue', 'catalogue-db', 'front-end']","['catalogue', 'catalogue-db', 'front-end', 'orders', 'user']",True,True,True
2026_03_12,pod_do_fault_front-end_001,front-end,2026-03-12 21:13:04,2026-03-12 21:18:04,0.02737855099258013,front-end,"['front-end', 'orders', 'user']","['front-end', 'orders', 'user', 'catalogue', 'orders-db']",True,True,True
2026_03_12,pod_do_fault_orders-db_001,orders-db,2026-03-12 03:54:01,2026-03-12 03:59:01,0.02689302399812732,orders,"['orders', 'orders-db', 'mongodb-exporter']","['orders', 'orders-db', 'mongodb-exporter', 'user', 'front-end']",False,True,True
2026_03_12,pod_do_fault_orders_001,orders,2026-03-12 17:30:31,2026-03-12 17:35:31,0.027315185012412257,front-end,"['front-end', 'orders', 'carts']","['front-end', 'orders', 'carts', 'user', 'catalogue']",False,True,True
2026_03_12,pod_do_fault_payment_001,payment,2026-03-12 09:52:53,2026-03-12 09:57:53,0.026750523000373505,orders,"['orders', 'front-end', 'payment']","['orders', 'front-end', 'payment', 'user', 'catalogue']",False,True,True
2026_03_12,pod_do_fault_queue-master_001,queue-master,2026-03-12 11:11:19,2026-03-12 11:16:19,0.027661328989779577,queue-master,"['queue-master', 'rabbitmq', 'front-end']","['queue-master', 'rabbitmq', 'front-end', 'orders', 'user']",True,True,True
2026_03_12,pod_do_fault_shipping_001,shipping,2026-03-12 09:33:09,2026-03-12 09:38:09,0.029505612008506432,orders,"['orders', 'front-end', 'shipping']","['orders', 'front-end', 'shipping', 'rabbitmq', 'user']",False,True,True
2026_03_12,pod_do_fault_user-db_001,user-db,2026-03-12 06:07:12,2026-03-12 06:12:12,0.027207942999666557,front-end,"['front-end', 'user-db', 'user']","['front-end', 'user-db', 'user', 'mongodb-exporter', 'catalogue']",False,True,True
2026_03_12,pod_do_fault_user_001,user,2026-03-12 13:07:12,2026-03-12 13:12:12,0.027600125991739333,front-end,"['front-end', 'user', 'carts']","['front-end', 'user', 'carts', 'orders', 'catalogue']",False,True,True
2026_03_12,pod_io_fault_carts-db_001,carts-db,2026-03-12 03:37:49,2026-03-12 03:42:49,0.026634274996467866,carts,"['carts', 'carts-db', 'orders']","['carts', 'carts-db', 'orders', 'user', 'front-end']",False,True,True
2026_03_12,pod_io_fault_orders-db_001,orders-db,2026-03-12 22:13:41,2026-03-12 22:18:41,0.026884300998062827,orders,"['orders', 'orders-db', 'front-end']","['orders', 'orders-db', 'front-end', 'user', 'catalogue']",False,True,True
2026_03_12,pod_io_fault_user-db_001,user-db,2026-03-12 12:29:58,2026-03-12 12:34:58,0.029252298001665622,orders,"['orders', 'user-db', 'front-end']","['orders', 'user-db', 'front-end', 'mongodb-exporter', 'user']",False,True,True
2026_03_12,pod_java_exception_carts_001,carts,2026-03-12 21:27:12,2026-03-12 21:32:12,0.026936344991554506,carts,"['carts', 'front-end', 'orders']","['carts', 'front-end', 'orders', 'user', 'catalogue']",True,True,True
2026_03_12,pod_java_exception_orders_001,orders,2026-03-12 20:37:44,2026-03-12 20:42:44,0.026579678000416607,orders,"['orders', 'front-end', 'user']","['orders', 'front-end', 'user', 'catalogue', 'orders-db']",True,True,True
2026_03_12,pod_java_exception_shipping_001,shipping,2026-03-12 01:42:14,2026-03-12 01:47:14,0.0267867170041427,shipping,"['shipping', 'orders', 'front-end']","['shipping', 'orders', 'front-end', 'user', 'catalogue']",True,True,True
2026_03_12,pod_memory_hog_carts_001,carts,2026-03-12 13:37:50,2026-03-12 13:42:50,0.048121101994183846,orders,"['orders', 'user', 'front-end']","['orders', 'user', 'front-end', 'catalogue', 'orders-db']",False,False,False
2026_03_12,pod_memory_hog_catalogue_001,catalogue,2026-03-12 04:25:48,2026-03-12 04:30:48,0.02691383598721586,front-end,"['front-end', 'orders', 'user']","['front-end', 'orders', 'user', 'catalogue', 'orders-db']",False,False,True
2026_03_12,pod_memory_hog_front-end_001,front-end,2026-03-12 14:08:40,2026-03-12 14:13:40,0.026565510997897945,front-end,"['front-end', 'orders', 'user']","['front-end', 'orders', 'user', 'catalogue', 'orders-db']",True,True,True
2026_03_12,pod_memory_hog_orders_001,orders,2026-03-12 10:05:52,2026-03-12 10:10:52,0.07080075499834493,front-end,"['front-end', 'orders', 'user']","['front-end', 'orders', 'user', 'catalogue', 'orders-db']",False,True,True
2026_03_12,pod_memory_hog_payment_001,payment,2026-03-12 09:19:17,2026-03-12 09:24:17,0.028428896999685094,orders,"['orders', 'user', 'front-end']","['orders', 'user', 'front-end', 'catalogue', 'orders-db']",False,False,False
2026_03_12,pod_memory_hog_queue-master_001,queue-master,2026-03-12 16:43:03,2026-03-12 16:48:03,0.027563012001337484,orders,"['orders', 'user', 'front-end']","['orders', 'user', 'front-end', 'catalogue', 'orders-db']",False,False,False
2026_03_12,pod_memory_hog_shipping_001,shipping,2026-03-12 15:30:19,2026-03-12 15:35:19,0.027841450995765626,front-end,"['front-end', 'orders', 'user']","['front-end', 'orders', 'user', 'catalogue', 'orders-db']",False,False,False
2026_03_12,pod_memory_hog_user_001,user,2026-03-12 14:30:09,2026-03-12 14:35:09,0.026551899005426094,front-end,"['front-end', 'user', 'orders']","['front-end', 'user', 'orders', 'catalogue', 'orders-db']",False,True,True
2026_03_12,pod_network_delay_carts_001,carts,2026-03-12 11:24:13,2026-03-12 11:29:13,0.026953843989758752,carts,"['carts', 'orders', 'front-end']","['carts', 'orders', 'front-end', 'user', 'catalogue']",True,True,True
2026_03_12,pod_network_delay_catalogue_001,catalogue,2026-03-12 20:51:06,2026-03-12 20:56:06,0.026358781004091725,front-end,"['front-end', 'orders', 'user']","['front-end', 'orders', 'user', 'catalogue', 'orders-db']",False,False,True
2026_03_12,pod_network_delay_front-end_001,front-end,2026-03-12 05:17:25,2026-03-12 05:22:25,0.026646458994946443,front-end,"['front-end', 'orders', 'user']","['front-end', 'orders', 'user', 'catalogue', 'orders-db']",True,True,True
2026_03_12,pod_network_delay_orders_001,orders,2026-03-12 16:08:55,2026-03-12 16:13:55,0.03245139900536742,orders,"['orders', 'user', 'front-end']","['orders', 'user', 'front-end', 'catalogue', 'orders-db']",True,True,True
2026_03_12,pod_network_delay_payment_001,payment,2026-03-12 19:49:17,2026-03-12 19:54:17,0.027994581003440544,user,"['user', 'orders', 'front-end']","['user', 'orders', 'front-end', 'catalogue', 'orders-db']",False,False,False
2026_03_12,pod_network_delay_queue-master_001,queue-master,2026-03-12 08:01:17,2026-03-12 08:06:17,0.028809519004425965,front-end,"['front-end', 'orders', 'user']","['front-end', 'orders', 'user', 'catalogue', 'orders-db']",False,False,False
2026_03_12,pod_network_delay_shipping_001,shipping,2026-03-12 09:03:23,2026-03-12 09:08:23,0.030501565997838043,front-end,"['front-end', 'orders', 'user']","['front-end', 'orders', 'user', 'catalogue', 'orders-db']",False,False,False
2026_03_12,pod_network_delay_user_001,user,2026-03-12 12:17:27,2026-03-12 12:22:27,0.02674241400382016,front-end,"['front-end', 'orders', 'user']","['front-end', 'orders', 'user', 'catalogue', 'orders-db']",False,True,True
2026_03_12,pod_network_loss_carts_001,carts,2026-03-12 19:12:36,2026-03-12 19:17:36,0.02678913999989163,front-end,"['front-end', 'orders', 'user']","['front-end', 'orders', 'user', 'catalogue', 'orders-db']",False,False,False
2026_03_12,pod_network_loss_catalogue_001,catalogue,2026-03-12 20:04:07,2026-03-12 20:09:07,0.026589688000967726,front-end,"['front-end', 'orders', 'user']","['front-end', 'orders', 'user', 'catalogue', 'orders-db']",False,False,True
2026_03_12,pod_network_loss_front-end_001,front-end,2026-03-12 06:38:36,2026-03-12 06:43:36,0.026703937008278444,front-end,"['front-end', 'orders', 'user']","['front-end', 'orders', 'user', 'catalogue', 'orders-db']",True,True,True
2026_03_12,pod_network_loss_orders_001,orders,2026-03-12 08:50:22,2026-03-12 08:55:22,0.027233921995502897,orders,"['orders', 'front-end', 'user']","['orders', 'front-end', 'user', 'catalogue', 'orders-db']",True,True,True
2026_03_12,pod_network_loss_payment_001,payment,2026-03-12 18:46:48,2026-03-12 18:51:48,0.058865519997198135,orders,"['orders', 'user', 'front-end']","['orders', 'user', 'front-end', 'catalogue', 'orders-db']",False,False,False
2026_03_12,pod_network_loss_queue-master_001,queue-master,2026-03-12 17:00:46,2026-03-12 17:05:46,0.030909856999642216,front-end,"['front-end', 'orders', 'user']","['front-end', 'orders', 'user', 'catalogue', 'orders-db']",False,False,False
2026_03_12,pod_network_loss_shipping_001,shipping,2026-03-12 13:26:02,2026-03-12 13:31:02,0.029999167993082665,orders,"['orders', 'user', 'front-end']","['orders', 'user', 'front-end', 'catalogue', 'orders-db']",False,False,False
2026_03_12,pod_network_loss_user_001,user,2026-03-12 01:12:02,2026-03-12 01:17:02,0.029503077996196225,front-end,"['front-end', 'orders', 'user']","['front-end', 'orders', 'user', 'catalogue', 'orders-db']",False,True,True
2026_03_12,pod_network_partition_carts_001,carts,2026-03-12 02:34:00,2026-03-12 02:39:00,0.02835473499726504,orders,"['orders', 'carts', 'front-end']","['orders', 'carts', 'front-end', 'user', 'catalogue']",False,True,True
2026_03_12,pod_network_partition_catalogue_001,catalogue,2026-03-12 08:17:13,2026-03-12 08:22:13,0.028476751991547644,carts,"['carts', 'catalogue', 'front-end']","['carts', 'catalogue', 'front-end', 'orders', 'user']",False,True,True
2026_03_12,pod_network_partition_front-end_001,front-end,2026-03-12 15:48:32,2026-03-12 15:53:32,0.026722738999524154,front-end,"['front-end', 'orders', 'user']","['front-end', 'orders', 'user', 'catalogue', 'orders-db']",True,True,True
2026_03_12,pod_network_partition_orders_001,orders,2026-03-12 05:02:38,2026-03-12 05:07:38,0.02737501700175926,orders,"['orders', 'front-end', 'user']","['orders', 'front-end', 'user', 'catalogue', 'orders-db']",True,True,True
2026_03_12,pod_network_partition_payment_001,payment,2026-03-12 16:24:33,2026-03-12 16:29:33,0.02704939899558667,orders,"['orders', 'payment', 'front-end']","['orders', 'payment', 'front-end', 'user', 'catalogue']",False,True,True
2026_03_12,pod_network_partition_queue-master_001,queue-master,2026-03-12 00:42:07,2026-03-12 00:47:07,0.027574980005738325,queue-master,"['queue-master', 'rabbitmq', 'front-end']","['queue-master', 'rabbitmq', 'front-end', 'orders', 'user']",True,True,True
2026_03_12,pod_network_partition_shipping_001,shipping,2026-03-12 20:21:17,2026-03-12 20:26:17,0.027506632002769038,orders,"['orders', 'shipping', 'front-end']","['orders', 'shipping', 'front-end', 'rabbitmq', 'user']",False,True,True
2026_03_12,pod_network_partition_user_001,user,2026-03-12 10:22:29,2026-03-12 10:27:29,0.026208591007161885,orders,"['orders', 'user', 'front-end']","['orders', 'user', 'front-end', 'catalogue', 'orders-db']",False,True,True
2026_03_13,pod_cpu_hog_carts-db_001,carts-db,2026-03-13 19:02:51,2026-03-13 19:07:51,0.025623577006626874,session-db,"['session-db', 'orders', 'user']","['session-db', 'orders', 'user', 'front-end', 'catalogue']",False,False,False
2026_03_13,pod_cpu_hog_carts_001,carts,2026-03-13 12:45:40,2026-03-13 12:50:40,0.027059894011472352,session-db,"['session-db', 'orders', 'user']","['session-db', 'orders', 'user', 'front-end', 'catalogue']",False,False,False
2026_03_13,pod_cpu_hog_catalogue-db_001,catalogue-db,2026-03-13 09:35:35,2026-03-13 09:40:35,0.02649334400484804,session-db,"['session-db', 'front-end', 'orders']","['session-db', 'front-end', 'orders', 'user', 'catalogue']",False,False,False
2026_03_13,pod_cpu_hog_catalogue_001,catalogue,2026-03-13 03:59:10,2026-03-13 04:04:10,0.02749583100376185,session-db,"['session-db', 'orders', 'user']","['session-db', 'orders', 'user', 'front-end', 'catalogue']",False,False,True
2026_03_13,pod_cpu_hog_front-end_001,front-end,2026-03-13 07:55:29,2026-03-13 08:00:29,0.0268801870115567,session-db,"['session-db', 'front-end', 'user']","['session-db', 'front-end', 'user', 'orders', 'catalogue']",False,True,True
2026_03_13,pod_cpu_hog_orders-db_001,orders-db,2026-03-13 19:36:22,2026-03-13 19:41:22,0.026752681005746126,session-db,"['session-db', 'orders', 'user']","['session-db', 'orders', 'user', 'front-end', 'catalogue']",False,False,False
2026_03_13,pod_cpu_hog_orders_001,orders,2026-03-13 05:52:18,2026-03-13 05:57:18,0.028431528990040533,session-db,"['session-db', 'front-end', 'orders']","['session-db', 'front-end', 'orders', 'user', 'catalogue']",False,True,True
2026_03_13,pod_cpu_hog_payment_001,payment,2026-03-13 13:36:37,2026-03-13 13:41:37,0.0596064400015166,session-db,"['session-db', 'front-end', 'orders']","['session-db', 'front-end', 'orders', 'user', 'catalogue']",False,False,False
2026_03_13,pod_cpu_hog_queue-master_001,queue-master,2026-03-13 10:09:14,2026-03-13 10:14:14,0.029486353989341296,session-db,"['session-db', 'orders', 'user']","['session-db', 'orders', 'user', 'front-end', 'catalogue']",False,False,False
2026_03_13,pod_cpu_hog_rabbitmq_001,rabbitmq,2026-03-13 15:29:36,2026-03-13 15:34:36,0.027170179993845522,session-db,"['session-db', 'front-end', 'orders']","['session-db', 'front-end', 'orders', 'user', 'catalogue']",False,False,False
2026_03_13,pod_cpu_hog_session-db_001,session-db,2026-03-13 19:23:40,2026-03-13 19:28:40,0.027896799991140142,session-db,"['session-db', 'front-end', 'orders']","['session-db', 'front-end', 'orders', 'user', 'catalogue']",True,True,True
2026_03_13,pod_cpu_hog_shipping_001,shipping,2026-03-13 01:49:43,2026-03-13 01:54:43,0.026203665998764336,session-db,"['session-db', 'front-end', 'user']","['session-db', 'front-end', 'user', 'orders', 'catalogue']",False,False,False
2026_03_13,pod_cpu_hog_user-db_001,user-db,2026-03-13 22:48:25,2026-03-13 22:53:25,0.027333010992151685,session-db,"['session-db', 'front-end', 'orders']","['session-db', 'front-end', 'orders', 'user', 'catalogue']",False,False,False
2026_03_13,pod_cpu_hog_user_001,user,2026-03-13 01:20:48,2026-03-13 01:25:48,0.026636023001628928,session-db,"['session-db', 'front-end', 'user']","['session-db', 'front-end', 'user', 'orders', 'catalogue']",False,True,True
2026_03_13,pod_do_fault_carts-db_001,carts-db,2026-03-13 14:38:25,2026-03-13 14:43:25,0.027208847997826524,carts,"['carts', 'orders', 'front-end']","['carts', 'orders', 'front-end', 'carts-db', 'mongodb-exporter']",False,False,True
2026_03_13,pod_do_fault_carts_001,carts,2026-03-13 22:14:12,2026-03-13 22:19:12,0.050477204989874735,orders,"['orders', 'front-end', 'carts']","['orders', 'front-end', 'carts', 'user', 'catalogue']",False,True,True
2026_03_13,pod_do_fault_catalogue-db_001,catalogue-db,2026-03-13 10:59:15,2026-03-13 11:04:15,0.02734642699942924,carts,"['carts', 'front-end', 'catalogue']","['carts', 'front-end', 'catalogue', 'catalogue-db', 'mysql-exporter']",False,False,True
2026_03_13,pod_do_fault_catalogue_001,catalogue,2026-03-13 16:52:30,2026-03-13 16:57:30,0.028445320000173524,catalogue,"['catalogue', 'catalogue-db', 'orders']","['catalogue', 'catalogue-db', 'orders', 'user', 'front-end']",True,True,True
2026_03_13,pod_do_fault_front-end_001,front-end,2026-03-13 03:13:00,2026-03-13 03:18:00,0.0274382700008573,front-end,"['front-end', 'orders', 'user']","['front-end', 'orders', 'user', 'catalogue', 'orders-db']",True,True,True
2026_03_13,pod_do_fault_orders-db_001,orders-db,2026-03-13 23:05:42,2026-03-13 23:10:42,0.03768030399805866,orders,"['orders', 'orders-db', 'front-end']","['orders', 'orders-db', 'front-end', 'mongodb-exporter', 'user']",False,True,True
2026_03_13,pod_do_fault_orders_001,orders,2026-03-13 04:16:19,2026-03-13 04:21:19,0.027436461998149753,front-end,"['front-end', 'orders', 'user']","['front-end', 'orders', 'user', 'catalogue', 'orders-db']",False,True,True
2026_03_13,pod_do_fault_payment_001,payment,2026-03-13 09:02:53,2026-03-13 09:07:53,0.029028591990936548,orders,"['orders', 'front-end', 'payment']","['orders', 'front-end', 'payment', 'user', 'catalogue']",False,True,True
2026_03_13,pod_do_fault_queue-master_001,queue-master,2026-03-13 21:05:51,2026-03-13 21:10:51,0.06412587799422909,queue-master,"['queue-master', 'rabbitmq', 'front-end']","['queue-master', 'rabbitmq', 'front-end', 'orders', 'user']",True,True,True
2026_03_13,pod_do_fault_shipping_001,shipping,2026-03-13 20:22:06,2026-03-13 20:27:06,0.02699255899642594,orders,"['orders', 'front-end', 'shipping']","['orders', 'front-end', 'shipping', 'rabbitmq', 'user']",False,True,True
2026_03_13,pod_do_fault_user-db_001,user-db,2026-03-13 08:43:39,2026-03-13 08:48:39,0.02740714700485114,front-end,"['front-end', 'user-db', 'user']","['front-end', 'user-db', 'user', 'mongodb-exporter', 'catalogue']",False,True,True
2026_03_13,pod_do_fault_user_001,user,2026-03-13 03:30:26,2026-03-13 03:35:26,0.026600251003401354,orders,"['orders', 'front-end', 'user']","['orders', 'front-end', 'user', 'catalogue', 'orders-db']",False,True,True
2026_03_13,pod_io_fault_carts-db_001,carts-db,2026-03-13 13:02:59,2026-03-13 13:07:59,0.027066084992839023,carts,"['carts', 'carts-db', 'orders']","['carts', 'carts-db', 'orders', 'front-end', 'user']",False,True,True
2026_03_13,pod_io_fault_orders-db_001,orders-db,2026-03-13 17:54:25,2026-03-13 17:59:25,0.026920789008727297,orders,"['orders', 'orders-db', 'front-end']","['orders', 'orders-db', 'front-end', 'user', 'catalogue']",False,True,True
2026_03_13,pod_io_fault_user-db_001,user-db,2026-03-13 07:04:57,2026-03-13 07:09:57,0.02649901100085117,user-db,"['user-db', 'front-end', 'orders']","['user-db', 'front-end', 'orders', 'user', 'catalogue']",True,True,True
2026_03_13,pod_java_exception_carts_001,carts,2026-03-13 00:08:56,2026-03-13 00:13:56,0.02644448500359431,carts,"['carts', 'front-end', 'orders']","['carts', 'front-end', 'orders', 'user', 'catalogue']",True,True,True
2026_03_13,pod_java_exception_orders_001,orders,2026-03-13 02:09:53,2026-03-13 02:14:53,0.028253547003259882,orders,"['orders', 'front-end', 'user']","['orders', 'front-end', 'user', 'catalogue', 'orders-db']",True,True,True
2026_03_13,pod_java_exception_shipping_001,shipping,2026-03-13 09:18:38,2026-03-13 09:23:38,0.02807172600296326,shipping,"['shipping', 'orders', 'front-end']","['shipping', 'orders', 'front-end', 'user', 'catalogue']",True,True,True
2026_03_13,pod_memory_hog_carts_001,carts,2026-03-13 01:04:40,2026-03-13 01:09:40,0.028960757990716957,session-db,"['session-db', 'front-end', 'orders']","['session-db', 'front-end', 'orders', 'user', 'catalogue']",False,False,False
2026_03_13,pod_memory_hog_catalogue_001,catalogue,2026-03-13 08:25:47,2026-03-13 08:30:47,0.028291598995565437,session-db,"['session-db', 'orders', 'user']","['session-db', 'orders', 'user', 'front-end', 'catalogue']",False,False,True
2026_03_13,pod_memory_hog_front-end_001,front-end,2026-03-13 13:20:26,2026-03-13 13:25:26,0.0281521349970717,session-db,"['session-db', 'front-end', 'orders']","['session-db', 'front-end', 'orders', 'user', 'catalogue']",False,True,True
2026_03_13,pod_memory_hog_orders_001,orders,2026-03-13 10:44:10,2026-03-13 10:49:10,0.02655429398873821,session-db,"['session-db', 'front-end', 'orders']","['session-db', 'front-end', 'orders', 'user', 'catalogue']",False,True,True
2026_03_13,pod_memory_hog_payment_001,payment,2026-03-13 11:52:21,2026-03-13 11:57:21,0.026089456005138345,session-db,"['session-db', 'orders', 'user']","['session-db', 'orders', 'user', 'front-end', 'catalogue']",False,False,False
2026_03_13,pod_memory_hog_queue-master_001,queue-master,2026-03-13 16:07:32,2026-03-13 16:12:32,0.02791516600700561,session-db,"['session-db', 'orders', 'user']","['session-db', 'orders', 'user', 'front-end', 'catalogue']",False,False,False
2026_03_13,pod_memory_hog_shipping_001,shipping,2026-03-13 15:44:50,2026-03-13 15:49:50,0.028950906998943537,session-db,"['session-db', 'front-end', 'orders']","['session-db', 'front-end', 'orders', 'user', 'catalogue']",False,False,False
2026_03_13,pod_memory_hog_user_001,user,2026-03-13 07:22:12,2026-03-13 07:27:12,0.0713885519944597,session-db,"['session-db', 'orders', 'user']","['session-db', 'orders', 'user', 'front-end', 'catalogue']",False,True,True
2026_03_13,pod_network_delay_carts_001,carts,2026-03-13 02:57:30,2026-03-13 03:02:30,0.029252021995489486,carts,"['carts', 'front-end', 'orders']","['carts', 'front-end', 'orders', 'user', 'catalogue']",True,True,True
2026_03_13,pod_network_delay_catalogue_001,catalogue,2026-03-13 00:46:42,2026-03-13 00:51:42,0.026725951000116765,session-db,"['session-db', 'front-end', 'orders']","['session-db', 'front-end', 'orders', 'user', 'catalogue']",False,False,True
2026_03_13,pod_network_delay_front-end_001,front-end,2026-03-13 04:30:29,2026-03-13 04:35:29,0.027221384007134475,session-db,"['session-db', 'front-end', 'user']","['session-db', 'front-end', 'user', 'orders', 'catalogue']",False,True,True
2026_03_13,pod_network_delay_orders_001,orders,2026-03-13 06:10:04,2026-03-13 06:15:04,0.028042384001309983,session-db,"['session-db', 'front-end', 'orders']","['session-db', 'front-end', 'orders', 'user', 'catalogue']",False,True,True
2026_03_13,pod_network_delay_payment_001,payment,2026-03-13 06:26:22,2026-03-13 06:31:22,0.046269835002021864,session-db,"['session-db', 'orders', 'user']","['session-db', 'orders', 'user', 'front-end', 'catalogue']",False,False,False
2026_03_13,pod_network_delay_queue-master_001,queue-master,2026-03-13 20:08:00,2026-03-13 20:13:00,0.02652133599622175,session-db,"['session-db', 'carts', 'front-end']","['session-db', 'carts', 'front-end', 'orders', 'user']",False,False,False
2026_03_13,pod_network_delay_shipping_001,shipping,2026-03-13 18:47:27,2026-03-13 18:52:27,0.02713517400843557,session-db,"['session-db', 'front-end', 'orders']","['session-db', 'front-end', 'orders', 'user', 'catalogue']",False,False,False
2026_03_13,pod_network_delay_user_001,user,2026-03-13 18:11:20,2026-03-13 18:16:20,0.027092318996437825,session-db,"['session-db', 'front-end', 'orders']","['session-db', 'front-end', 'orders', 'user', 'catalogue']",False,False,True
2026_03_13,pod_network_loss_carts_001,carts,2026-03-13 12:10:12,2026-03-13 12:15:12,0.028239822990144603,session-db,"['session-db', 'orders', 'user']","['session-db', 'orders', 'user', 'front-end', 'catalogue']",False,False,False
2026_03_13,pod_network_loss_catalogue_001,catalogue,2026-03-13 02:39:44,2026-03-13 02:44:44,0.026457379004568793,session-db,"['session-db', 'front-end', 'orders']","['session-db', 'front-end', 'orders', 'user', 'catalogue']",False,False,True
2026_03_13,pod_network_loss_front-end_001,front-end,2026-03-13 00:27:27,2026-03-13 00:32:27,0.027616239996859804,session-db,"['session-db', 'front-end', 'user']","['session-db', 'front-end', 'user', 'orders', 'catalogue']",False,True,True
2026_03_13,pod_network_loss_orders_001,orders,2026-03-13 05:03:56,2026-03-13 05:08:56,0.028137275992776267,orders,"['orders', 'front-end', 'user']","['orders', 'front-end', 'user', 'catalogue', 'orders-db']",True,True,True
2026_03_13,pod_network_loss_payment_001,payment,2026-03-13 09:51:01,2026-03-13 09:56:01,0.026816628989763558,session-db,"['session-db', 'carts', 'front-end']","['session-db', 'carts', 'front-end', 'orders', 'user']",False,False,False
2026_03_13,pod_network_loss_queue-master_001,queue-master,2026-03-13 18:29:21,2026-03-13 18:34:21,0.027404914988437667,session-db,"['session-db', 'front-end', 'orders']","['session-db', 'front-end', 'orders', 'user', 'catalogue']",False,False,False
2026_03_13,pod_network_loss_shipping_001,shipping,2026-03-13 20:52:20,2026-03-13 20:57:20,0.02734704499016516,session-db,"['session-db', 'front-end', 'orders']","['session-db', 'front-end', 'orders', 'user', 'catalogue']",False,False,False
2026_03_13,pod_network_loss_user_001,user,2026-03-13 17:23:16,2026-03-13 17:28:16,0.02661499999521766,session-db,"['session-db', 'front-end', 'orders']","['session-db', 'front-end', 'orders', 'user', 'catalogue']",False,False,True
2026_03_13,pod_network_partition_carts_001,carts,2026-03-13 02:25:20,2026-03-13 02:30:20,0.06092341600742657,carts,"['carts', 'orders', 'front-end']","['carts', 'orders', 'front-end', 'user', 'catalogue']",True,True,True
2026_03_13,pod_network_partition_catalogue_001,catalogue,2026-03-13 08:11:13,2026-03-13 08:16:13,0.02630315900023561,carts,"['carts', 'catalogue', 'front-end']","['carts', 'catalogue', 'front-end', 'orders', 'user']",False,True,True
2026_03_13,pod_network_partition_front-end_001,front-end,2026-03-13 03:44:12,2026-03-13 03:49:12,0.027318518987158313,front-end,"['front-end', 'orders', 'user']","['front-end', 'orders', 'user', 'catalogue', 'orders-db']",True,True,True
2026_03_13,pod_network_partition_orders_001,orders,2026-03-13 11:36:37,2026-03-13 11:41:37,0.027084204004495405,orders,"['orders', 'front-end', 'user']","['orders', 'front-end', 'user', 'catalogue', 'orders-db']",True,True,True
2026_03_13,pod_network_partition_payment_001,payment,2026-03-13 16:36:47,2026-03-13 16:41:47,0.02875973199843429,orders,"['orders', 'front-end', 'payment']","['orders', 'front-end', 'payment', 'user', 'catalogue']",False,True,True
2026_03_13,pod_network_partition_queue-master_001,queue-master,2026-03-13 05:23:04,2026-03-13 05:28:04,0.036835367005551234,queue-master,"['queue-master', 'rabbitmq', 'front-end']","['queue-master', 'rabbitmq', 'front-end', 'orders', 'user']",True,True,True
2026_03_13,pod_network_partition_shipping_001,shipping,2026-03-13 01:36:30,2026-03-13 01:41:30,0.044116336008301005,orders,"['orders', 'shipping', 'front-end']","['orders', 'shipping', 'front-end', 'rabbitmq', 'user']",False,True,True
2026_03_13,pod_network_partition_user_001,user,2026-03-13 16:19:53,2026-03-13 16:24:53,0.04273582900350448,orders,"['orders', 'user', 'front-end']","['orders', 'user', 'front-end', 'catalogue', 'orders-db']",False,True,True
2026_03_14,pod_cpu_hog_carts-db_001,carts-db,2026-03-14 10:30:43,2026-03-14 10:35:43,0.027283594012260437,front-end,"['front-end', 'orders', 'user']","['front-end', 'orders', 'user', 'catalogue', 'orders-db']",False,False,False
2026_03_14,pod_cpu_hog_carts_001,carts,2026-03-14 08:41:25,2026-03-14 08:46:25,0.02914998600317631,front-end,"['front-end', 'orders', 'user']","['front-end', 'orders', 'user', 'catalogue', 'orders-db']",False,False,False
2026_03_14,pod_cpu_hog_catalogue-db_001,catalogue-db,2026-03-14 15:35:39,2026-03-14 15:40:39,0.02686506899772212,front-end,"['front-end', 'orders', 'user']","['front-end', 'orders', 'user', 'catalogue', 'orders-db']",False,False,False
2026_03_14,pod_cpu_hog_catalogue_001,catalogue,2026-03-14 02:51:55,2026-03-14 02:56:55,0.03419981099432334,orders,"['orders', 'user', 'front-end']","['orders', 'user', 'front-end', 'catalogue', 'orders-db']",False,False,True
2026_03_14,pod_cpu_hog_front-end_001,front-end,2026-03-14 08:24:28,2026-03-14 08:29:28,0.03328602001420222,orders,"['orders', 'user', 'front-end']","['orders', 'user', 'front-end', 'catalogue', 'orders-db']",False,True,True
2026_03_14,pod_cpu_hog_orders-db_001,orders-db,2026-03-14 03:42:50,2026-03-14 03:47:50,0.027137180004501715,front-end,"['front-end', 'orders', 'user']","['front-end', 'orders', 'user', 'catalogue', 'orders-db']",False,False,True
2026_03_14,pod_cpu_hog_orders_001,orders,2026-03-14 14:44:07,2026-03-14 14:49:07,0.03354860299441498,user,"['user', 'orders', 'front-end']","['user', 'orders', 'front-end', 'catalogue', 'orders-db']",False,True,True
2026_03_14,pod_cpu_hog_payment_001,payment,2026-03-14 03:10:25,2026-03-14 03:15:25,0.02649416300118901,front-end,"['front-end', 'orders', 'user']","['front-end', 'orders', 'user', 'catalogue', 'orders-db']",False,False,False
2026_03_14,pod_cpu_hog_queue-master_001,queue-master,2026-03-14 00:56:06,2026-03-14 01:01:06,0.027886638999916613,front-end,"['front-end', 'orders', 'user']","['front-end', 'orders', 'user', 'catalogue', 'orders-db']",False,False,False
2026_03_14,pod_cpu_hog_rabbitmq_001,rabbitmq,2026-03-14 04:24:01,2026-03-14 04:29:01,0.03272183299122844,front-end,"['front-end', 'orders', 'user']","['front-end', 'orders', 'user', 'catalogue', 'orders-db']",False,False,False
2026_03_14,pod_cpu_hog_session-db_001,session-db,2026-03-14 19:09:37,2026-03-14 19:14:37,0.02636546599387657,orders,"['orders', 'user', 'front-end']","['orders', 'user', 'front-end', 'catalogue', 'orders-db']",False,False,False
2026_03_14,pod_cpu_hog_shipping_001,shipping,2026-03-14 22:19:24,2026-03-14 22:24:24,0.02866421200451441,front-end,"['front-end', 'orders', 'user']","['front-end', 'orders', 'user', 'catalogue', 'orders-db']",False,False,False
2026_03_14,pod_cpu_hog_user-db_001,user-db,2026-03-14 20:14:16,2026-03-14 20:19:16,0.042065734989591874,front-end,"['front-end', 'orders', 'user']","['front-end', 'orders', 'user', 'catalogue', 'orders-db']",False,False,False
2026_03_14,pod_cpu_hog_user_001,user,2026-03-14 10:00:15,2026-03-14 10:05:15,0.0343138070020359,orders,"['orders', 'user', 'front-end']","['orders', 'user', 'front-end', 'catalogue', 'orders-db']",False,True,True
2026_03_14,pod_do_fault_carts-db_001,carts-db,2026-03-14 17:17:31,2026-03-14 17:22:31,0.07214846499846317,carts,"['carts', 'orders', 'front-end']","['carts', 'orders', 'front-end', 'carts-db', 'mongodb-exporter']",False,False,True
2026_03_14,pod_do_fault_carts_001,carts,2026-03-14 11:13:58,2026-03-14 11:18:58,0.027877630011062138,orders,"['orders', 'front-end', 'carts']","['orders', 'front-end', 'carts', 'user', 'catalogue']",False,True,True
2026_03_14,pod_do_fault_catalogue-db_001,catalogue-db,2026-03-14 21:50:26,2026-03-14 21:55:26,0.02867256799072493,carts,"['carts', 'front-end', 'catalogue']","['carts', 'front-end', 'catalogue', 'catalogue-db', 'mysql-exporter']",False,False,True
2026_03_14,pod_do_fault_catalogue_001,catalogue,2026-03-14 10:46:30,2026-03-14 10:51:30,0.02703427198866848,front-end,"['front-end', 'catalogue', 'carts']","['front-end', 'catalogue', 'carts', 'orders', 'user']",False,True,True
2026_03_14,pod_do_fault_front-end_001,front-end,2026-03-14 22:06:04,2026-03-14 22:11:04,0.029284539006766863,front-end,"['front-end', 'orders', 'user']","['front-end', 'orders', 'user', 'catalogue', 'orders-db']",True,True,True
2026_03_14,pod_do_fault_orders-db_001,orders-db,2026-03-14 17:52:58,2026-03-14 17:57:58,0.028160486996057443,orders,"['orders', 'orders-db', 'front-end']","['orders', 'orders-db', 'front-end', 'mongodb-exporter', 'user']",False,True,True
2026_03_14,pod_do_fault_orders_001,orders,2026-03-14 17:01:01,2026-03-14 17:06:01,0.029909067001426592,orders,"['orders', 'front-end', 'user']","['orders', 'front-end', 'user', 'catalogue', 'orders-db']",True,True,True
2026_03_14,pod_do_fault_payment_001,payment,2026-03-14 05:42:31,2026-03-14 05:47:31,0.027431606999016367,orders,"['orders', 'front-end', 'payment']","['orders', 'front-end', 'payment', 'user', 'catalogue']",False,True,True
2026_03_14,pod_do_fault_queue-master_001,queue-master,2026-03-14 06:29:02,2026-03-14 06:34:02,0.02726277700276114,queue-master,"['queue-master', 'rabbitmq', 'orders']","['queue-master', 'rabbitmq', 'orders', 'user', 'front-end']",True,True,True
2026_03_14,pod_do_fault_shipping_001,shipping,2026-03-14 16:24:14,2026-03-14 16:29:14,0.02711069700308144,orders,"['orders', 'front-end', 'shipping']","['orders', 'front-end', 'shipping', 'rabbitmq', 'user']",False,True,True
2026_03_14,pod_do_fault_user-db_001,user-db,2026-03-14 00:25:22,2026-03-14 00:30:22,0.026963445998262614,front-end,"['front-end', 'user-db', 'user']","['front-end', 'user-db', 'user', 'mongodb-exporter', 'catalogue']",False,True,True
2026_03_14,pod_do_fault_user_001,user,2026-03-14 00:11:56,2026-03-14 00:16:56,0.027978982994682156,user,"['user', 'carts', 'orders']","['user', 'carts', 'orders', 'front-end', 'catalogue']",True,True,True
2026_03_14,pod_io_fault_carts-db_001,carts-db,2026-03-14 07:20:03,2026-03-14 07:25:03,0.027492314999108203,orders,"['orders', 'carts', 'carts-db']","['orders', 'carts', 'carts-db', 'front-end', 'mongodb-exporter']",False,True,True
2026_03_14,pod_io_fault_orders-db_001,orders-db,2026-03-14 07:02:27,2026-03-14 07:07:27,0.02666333100933116,orders,"['orders', 'orders-db', 'front-end']","['orders', 'orders-db', 'front-end', 'user', 'catalogue']",False,True,True
2026_03_14,pod_io_fault_user-db_001,user-db,2026-03-14 17:38:25,2026-03-14 17:43:25,0.028873672999907285,user-db,"['user-db', 'orders', 'user']","['user-db', 'orders', 'user', 'front-end', 'catalogue']",True,True,True
2026_03_14,pod_java_exception_carts_001,carts,2026-03-14 19:42:53,2026-03-14 19:47:53,0.03002877300605178,carts,"['carts', 'front-end', 'orders']","['carts', 'front-end', 'orders', 'user', 'catalogue']",True,True,True
2026_03_14,pod_java_exception_orders_001,orders,2026-03-14 21:30:21,2026-03-14 21:35:21,0.027535394998267293,orders,"['orders', 'front-end', 'user']","['orders', 'front-end', 'user', 'catalogue', 'orders-db']",True,True,True
2026_03_14,pod_java_exception_shipping_001,shipping,2026-03-14 10:15:32,2026-03-14 10:20:32,0.027886392010259442,shipping,"['shipping', 'orders', 'front-end']","['shipping', 'orders', 'front-end', 'user', 'catalogue']",True,True,True
2026_03_14,pod_memory_hog_carts_001,carts,2026-03-14 02:00:17,2026-03-14 02:05:17,0.025934517005225644,orders,"['orders', 'user', 'front-end']","['orders', 'user', 'front-end', 'catalogue', 'orders-db']",False,False,False
2026_03_14,pod_memory_hog_catalogue_001,catalogue,2026-03-14 03:28:25,2026-03-14 03:33:25,0.02557400200748816,front-end,"['front-end', 'orders', 'user']","['front-end', 'orders', 'user', 'catalogue', 'orders-db']",False,False,True
2026_03_14,pod_memory_hog_front-end_001,front-end,2026-03-14 18:23:54,2026-03-14 18:28:54,0.03377105700201355,front-end,"['front-end', 'orders', 'user']","['front-end', 'orders', 'user', 'catalogue', 'orders-db']",True,True,True
2026_03_14,pod_memory_hog_orders_001,orders,2026-03-14 15:56:32,2026-03-14 16:01:32,0.027273579995380715,front-end,"['front-end', 'orders', 'user']","['front-end', 'orders', 'user', 'catalogue', 'orders-db']",False,True,True
2026_03_14,pod_memory_hog_payment_001,payment,2026-03-14 06:47:44,2026-03-14 06:52:44,0.020773141994141042,front-end,"['front-end', 'orders', 'user']","['front-end', 'orders', 'user', 'catalogue', 'orders-db']",False,False,False
2026_03_14,pod_memory_hog_queue-master_001,queue-master,2026-03-14 08:57:25,2026-03-14 09:02:25,0.02785832100198604,front-end,"['front-end', 'orders', 'user']","['front-end', 'orders', 'user', 'catalogue', 'orders-db']",False,False,False
2026_03_14,pod_memory_hog_shipping_001,shipping,2026-03-14 18:52:29,2026-03-14 18:57:29,0.02734421700006351,front-end,"['front-end', 'orders', 'user']","['front-end', 'orders', 'user', 'catalogue', 'orders-db']",False,False,False
2026_03_14,pod_memory_hog_user_001,user,2026-03-14 05:55:53,2026-03-14 06:00:53,0.034663846003240906,user,"['user', 'orders', 'front-end']","['user', 'orders', 'front-end', 'catalogue', 'orders-db']",True,True,True
2026_03_14,pod_network_delay_carts_001,carts,2026-03-14 18:37:06,2026-03-14 18:42:06,0.02816817800339777,carts,"['carts', 'orders', 'front-end']","['carts', 'orders', 'front-end', 'user', 'catalogue']",True,True,True
2026_03_14,pod_network_delay_catalogue_001,catalogue,2026-03-14 04:54:31,2026-03-14 04:59:31,0.03274572400550824,front-end,"['front-end', 'orders', 'user']","['front-end', 'orders', 'user', 'catalogue', 'orders-db']",False,False,True
2026_03_14,pod_network_delay_front-end_001,front-end,2026-03-14 10:59:37,2026-03-14 11:04:37,0.02665467899350915,orders,"['orders', 'user', 'front-end']","['orders', 'user', 'front-end', 'catalogue', 'orders-db']",False,True,True
2026_03_14,pod_network_delay_orders_001,orders,2026-03-14 07:33:57,2026-03-14 07:38:57,0.04525226198893506,front-end,"['front-end', 'orders', 'user']","['front-end', 'orders', 'user', 'catalogue', 'orders-db']",False,True,True
2026_03_14,pod_network_delay_payment_001,payment,2026-03-14 09:27:50,2026-03-14 09:32:50,0.06968556799984071,front-end,"['front-end', 'orders', 'user']","['front-end', 'orders', 'user', 'catalogue', 'orders-db']",False,False,False
2026_03_14,pod_network_delay_queue-master_001,queue-master,2026-03-14 06:15:27,2026-03-14 06:20:27,0.030833048003842123,front-end,"['front-end', 'orders', 'user']","['front-end', 'orders', 'user', 'catalogue', 'orders-db']",False,False,False
2026_03_14,pod_network_delay_shipping_001,shipping,2026-03-14 20:33:22,2026-03-14 20:38:22,0.027367796006728895,front-end,"['front-end', 'orders', 'user']","['front-end', 'orders', 'user', 'catalogue', 'orders-db']",False,False,False
2026_03_14,pod_network_delay_user_001,user,2026-03-14 20:55:14,2026-03-14 21:00:14,0.030422893003560603,front-end,"['front-end', 'orders', 'user']","['front-end', 'orders', 'user', 'catalogue', 'orders-db']",False,True,True
2026_03_14,pod_network_loss_carts_001,carts,2026-03-14 22:37:13,2026-03-14 22:42:13,0.026967137004248798,front-end,"['front-end', 'orders', 'user']","['front-end', 'orders', 'user', 'catalogue', 'orders-db']",False,False,False
2026_03_14,pod_network_loss_catalogue_001,catalogue,2026-03-14 00:40:11,2026-03-14 00:45:11,0.026589162996970117,front-end,"['front-end', 'orders', 'user']","['front-end', 'orders', 'user', 'catalogue', 'orders-db']",False,False,True
2026_03_14,pod_network_loss_front-end_001,front-end,2026-03-14 08:07:32,2026-03-14 08:12:32,0.028427287994418293,orders,"['orders', 'user', 'front-end']","['orders', 'user', 'front-end', 'catalogue', 'orders-db']",False,True,True
2026_03_14,pod_network_loss_orders_001,orders,2026-03-14 15:00:34,2026-03-14 15:05:34,0.03378129100019578,front-end,"['front-end', 'orders', 'user']","['front-end', 'orders', 'user', 'catalogue', 'orders-db']",False,True,True
2026_03_14,pod_network_loss_payment_001,payment,2026-03-14 19:24:43,2026-03-14 19:29:43,0.028325136998319067,orders,"['orders', 'user', 'front-end']","['orders', 'user', 'front-end', 'catalogue', 'orders-db']",False,False,False
2026_03_14,pod_network_loss_queue-master_001,queue-master,2026-03-14 01:45:57,2026-03-14 01:50:57,0.027030356010072865,front-end,"['front-end', 'orders', 'user']","['front-end', 'orders', 'user', 'catalogue', 'orders-db']",False,False,False
2026_03_14,pod_network_loss_shipping_001,shipping,2026-03-14 13:53:34,2026-03-14 13:58:34,0.028534924000268802,front-end,"['front-end', 'orders', 'user']","['front-end', 'orders', 'user', 'catalogue', 'orders-db']",False,False,False
2026_03_14,pod_network_loss_user_001,user,2026-03-14 16:11:27,2026-03-14 16:16:27,0.02575788801186718,orders,"['orders', 'user', 'front-end']","['orders', 'user', 'front-end', 'catalogue', 'orders-db']",False,True,True
2026_03_14,pod_network_partition_carts_001,carts,2026-03-14 12:34:09,2026-03-14 12:39:09,0.027001344002201222,orders,"['orders', 'carts', 'front-end']","['orders', 'carts', 'front-end', 'user', 'catalogue']",False,True,True
2026_03_14,pod_network_partition_catalogue_001,catalogue,2026-03-14 04:39:30,2026-03-14 04:44:30,0.02886528999079019,carts,"['carts', 'catalogue', 'front-end']","['carts', 'catalogue', 'front-end', 'orders', 'user']",False,True,True
2026_03_14,pod_network_partition_front-end_001,front-end,2026-03-14 11:28:41,2026-03-14 11:33:41,0.06918252700415906,front-end,"['front-end', 'orders', 'user']","['front-end', 'orders', 'user', 'catalogue', 'orders-db']",True,True,True
2026_03_14,pod_network_partition_orders_001,orders,2026-03-14 02:20:42,2026-03-14 02:25:42,0.02730883400363382,orders,"['orders', 'front-end', 'user']","['orders', 'front-end', 'user', 'catalogue', 'orders-db']",True,True,True
2026_03_14,pod_network_partition_payment_001,payment,2026-03-14 14:22:37,2026-03-14 14:27:37,0.026938884999253787,orders,"['orders', 'front-end', 'payment']","['orders', 'front-end', 'payment', 'user', 'catalogue']",False,True,True
2026_03_14,pod_network_partition_queue-master_001,queue-master,2026-03-14 12:50:49,2026-03-14 12:55:49,0.027074067009380087,queue-master,"['queue-master', 'rabbitmq', 'orders']","['queue-master', 'rabbitmq', 'orders', 'user', 'front-end']",True,True,True
2026_03_14,pod_network_partition_shipping_001,shipping,2026-03-14 09:15:39,2026-03-14 09:20:39,0.027044172995374538,orders,"['orders', 'shipping', 'front-end']","['orders', 'shipping', 'front-end', 'rabbitmq', 'user']",False,True,True
2026_03_14,pod_network_partition_user_001,user,2026-03-14 09:44:37,2026-03-14 09:49:37,0.026983110001310706,orders,"['orders', 'user', 'front-end']","['orders', 'user', 'front-end', 'catalogue', 'orders-db']",False,True,True
2026_03_17,pod_cpu_hog_carts-db_001,carts-db,2026-03-17 00:31:02,2026-03-17 00:36:02,0.01894690201152116,front-end,"['front-end', 'orders', 'user']","['front-end', 'orders', 'user', 'catalogue', 'orders-db']",False,False,False
2026_03_17,pod_cpu_hog_carts_001,carts,2026-03-17 01:01:58,2026-03-17 01:06:58,0.019693976995768026,front-end,"['front-end', 'orders', 'user']","['front-end', 'orders', 'user', 'catalogue', 'orders-db']",False,False,False
2026_03_17,pod_cpu_hog_catalogue-db_001,catalogue-db,2026-03-17 05:32:16,2026-03-17 05:37:16,0.08687317201111,front-end,"['front-end', 'orders', 'user']","['front-end', 'orders', 'user', 'catalogue', 'orders-db']",False,False,False
2026_03_17,pod_cpu_hog_catalogue_001,catalogue,2026-03-17 12:43:25,2026-03-17 12:48:25,0.0203006270021433,orders,"['orders', 'user', 'front-end']","['orders', 'user', 'front-end', 'catalogue', 'orders-db']",False,False,True
2026_03_17,pod_cpu_hog_front-end_001,front-end,2026-03-17 04:21:58,2026-03-17 04:26:58,0.019815592997474596,front-end,"['front-end', 'orders', 'user']","['front-end', 'orders', 'user', 'catalogue', 'orders-db']",True,True,True
2026_03_17,pod_cpu_hog_orders-db_001,orders-db,2026-03-17 21:03:26,2026-03-17 21:08:26,0.01938921699183993,orders,"['orders', 'user', 'front-end']","['orders', 'user', 'front-end', 'catalogue', 'orders-db']",False,False,True
2026_03_17,pod_cpu_hog_orders_001,orders,2026-03-17 13:37:30,2026-03-17 13:42:30,0.020011758009786718,front-end,"['front-end', 'orders', 'user']","['front-end', 'orders', 'user', 'catalogue', 'orders-db']",False,True,True
2026_03_17,pod_cpu_hog_payment_001,payment,2026-03-17 21:20:26,2026-03-17 21:25:26,0.02017930599686224,front-end,"['front-end', 'orders', 'user']","['front-end', 'orders', 'user', 'catalogue', 'orders-db']",False,False,False
2026_03_17,pod_cpu_hog_queue-master_001,queue-master,2026-03-17 11:57:53,2026-03-17 12:02:53,0.01951802799885627,user,"['user', 'orders', 'front-end']","['user', 'orders', 'front-end', 'catalogue', 'orders-db']",False,False,False
2026_03_17,pod_cpu_hog_rabbitmq_001,rabbitmq,2026-03-17 14:48:58,2026-03-17 14:53:58,0.019401854995521717,orders,"['orders', 'user', 'front-end']","['orders', 'user', 'front-end', 'catalogue', 'orders-db']",False,False,False
2026_03_17,pod_cpu_hog_session-db_001,session-db,2026-03-17 02:58:14,2026-03-17 03:03:14,0.019574781996198,front-end,"['front-end', 'orders', 'user']","['front-end', 'orders', 'user', 'catalogue', 'orders-db']",False,False,False
2026_03_17,pod_cpu_hog_shipping_001,shipping,2026-03-17 02:24:16,2026-03-17 02:29:16,0.01952149700082373,front-end,"['front-end', 'orders', 'user']","['front-end', 'orders', 'user', 'catalogue', 'orders-db']",False,False,False
2026_03_17,pod_cpu_hog_user-db_001,user-db,2026-03-17 19:23:27,2026-03-17 19:28:27,0.02137743099592626,front-end,"['front-end', 'orders', 'user']","['front-end', 'orders', 'user', 'catalogue', 'orders-db']",False,False,False
2026_03_17,pod_cpu_hog_user_001,user,2026-03-17 17:48:39,2026-03-17 17:53:39,0.02065073100675363,orders,"['orders', 'user', 'front-end']","['orders', 'user', 'front-end', 'catalogue', 'orders-db']",False,True,True
2026_03_17,pod_do_fault_carts-db_001,carts-db,2026-03-17 06:27:22,2026-03-17 06:32:22,0.028704864002065733,carts,"['carts', 'orders', 'front-end']","['carts', 'orders', 'front-end', 'carts-db', 'mongodb-exporter']",False,False,True
2026_03_17,pod_do_fault_carts_001,carts,2026-03-17 16:44:33,2026-03-17 16:49:33,0.029452238013618626,orders,"['orders', 'front-end', 'carts']","['orders', 'front-end', 'carts', 'user', 'catalogue']",False,True,True
2026_03_17,pod_do_fault_catalogue-db_001,catalogue-db,2026-03-17 07:49:47,2026-03-17 07:54:47,0.03008842800045386,carts,"['carts', 'front-end', 'catalogue']","['carts', 'front-end', 'catalogue', 'catalogue-db', 'mysql-exporter']",False,False,True
2026_03_17,pod_do_fault_catalogue_001,catalogue,2026-03-17 13:15:36,2026-03-17 13:20:36,0.02764691101037897,catalogue,"['catalogue', 'catalogue-db', 'front-end']","['catalogue', 'catalogue-db', 'front-end', 'orders', 'user']",True,True,True
2026_03_17,pod_do_fault_front-end_001,front-end,2026-03-17 22:07:59,2026-03-17 22:12:59,0.027222874006838538,front-end,"['front-end', 'orders', 'user']","['front-end', 'orders', 'user', 'catalogue', 'orders-db']",True,True,True
2026_03_17,pod_do_fault_orders-db_001,orders-db,2026-03-17 20:12:00,2026-03-17 20:17:00,0.06392505898838863,orders,"['orders', 'orders-db', 'front-end']","['orders', 'orders-db', 'front-end', 'mongodb-exporter', 'user']",False,True,True
2026_03_17,pod_do_fault_orders_001,orders,2026-03-17 16:13:21,2026-03-17 16:18:21,0.02723955900000874,front-end,"['front-end', 'orders', 'user']","['front-end', 'orders', 'user', 'catalogue', 'orders-db']",False,True,True
2026_03_17,pod_do_fault_payment_001,payment,2026-03-17 10:48:51,2026-03-17 10:53:51,0.026967174009769224,orders,"['orders', 'front-end', 'payment']","['orders', 'front-end', 'payment', 'user', 'catalogue']",False,True,True
2026_03_17,pod_do_fault_queue-master_001,queue-master,2026-03-17 10:30:20,2026-03-17 10:35:20,0.02752101501391735,queue-master,"['queue-master', 'rabbitmq', 'front-end']","['queue-master', 'rabbitmq', 'front-end', 'orders', 'user']",True,True,True
2026_03_17,pod_do_fault_shipping_001,shipping,2026-03-17 02:08:07,2026-03-17 02:13:07,0.027184671998838894,orders,"['orders', 'front-end', 'shipping']","['orders', 'front-end', 'shipping', 'rabbitmq', 'user']",False,True,True
2026_03_17,pod_do_fault_user-db_001,user-db,2026-03-17 11:43:01,2026-03-17 11:48:01,0.02795243800210301,front-end,"['front-end', 'user-db', 'user']","['front-end', 'user-db', 'user', 'mongodb-exporter', 'catalogue']",False,True,True
2026_03_17,pod_do_fault_user_001,user,2026-03-17 06:42:10,2026-03-17 06:47:10,0.027030715995351784,front-end,"['front-end', 'user', 'orders']","['front-end', 'user', 'orders', 'catalogue', 'orders-db']",False,True,True
2026_03_17,pod_io_fault_carts-db_001,carts-db,2026-03-17 05:01:19,2026-03-17 05:06:19,0.029001251998124644,carts,"['carts', 'carts-db', 'orders']","['carts', 'carts-db', 'orders', 'front-end', 'user']",False,True,True
2026_03_17,pod_io_fault_orders-db_001,orders-db,2026-03-17 21:52:04,2026-03-17 21:57:04,0.026702114002546296,orders,"['orders', 'orders-db', 'front-end']","['orders', 'orders-db', 'front-end', 'user', 'catalogue']",False,True,True
2026_03_17,pod_io_fault_user-db_001,user-db,2026-03-17 23:11:49,2026-03-17 23:16:49,0.026472628000192344,user-db,"['user-db', 'orders', 'user']","['user-db', 'orders', 'user', 'front-end', 'catalogue']",True,True,True
2026_03_17,pod_java_exception_carts_001,carts,2026-03-17 04:00:45,2026-03-17 04:05:45,0.02667935600038618,carts,"['carts', 'front-end', 'orders']","['carts', 'front-end', 'orders', 'user', 'catalogue']",True,True,True
2026_03_17,pod_java_exception_orders_001,orders,2026-03-17 15:56:42,2026-03-17 16:01:42,0.027824881006381474,orders,"['orders', 'front-end', 'user']","['orders', 'front-end', 'user', 'catalogue', 'orders-db']",True,True,True
2026_03_17,pod_java_exception_shipping_001,shipping,2026-03-17 08:58:19,2026-03-17 09:03:19,0.026453104001120664,shipping,"['shipping', 'orders', 'front-end']","['shipping', 'orders', 'front-end', 'user', 'catalogue']",True,True,True
2026_03_17,pod_memory_hog_carts_001,carts,2026-03-17 18:33:58,2026-03-17 18:38:58,0.028309841989539564,orders,"['orders', 'user', 'front-end']","['orders', 'user', 'front-end', 'catalogue', 'orders-db']",False,False,False
2026_03_17,pod_memory_hog_catalogue_001,catalogue,2026-03-17 08:38:57,2026-03-17 08:43:57,0.020712851008283906,front-end,"['front-end', 'orders', 'user']","['front-end', 'orders', 'user', 'catalogue', 'orders-db']",False,False,True
2026_03_17,pod_memory_hog_front-end_001,front-end,2026-03-17 19:07:50,2026-03-17 19:12:50,0.019921111001167446,front-end,"['front-end', 'orders', 'user']","['front-end', 'orders', 'user', 'catalogue', 'orders-db']",True,True,True
2026_03_17,pod_memory_hog_orders_001,orders,2026-03-17 14:31:28,2026-03-17 14:36:28,0.019471156992949545,front-end,"['front-end', 'orders', 'user']","['front-end', 'orders', 'user', 'catalogue', 'orders-db']",False,True,True
2026_03_17,pod_memory_hog_payment_001,payment,2026-03-17 07:34:10,2026-03-17 07:39:10,0.024081434996332973,front-end,"['front-end', 'orders', 'user']","['front-end', 'orders', 'user', 'catalogue', 'orders-db']",False,False,False
2026_03_17,pod_memory_hog_queue-master_001,queue-master,2026-03-17 20:50:14,2026-03-17 20:55:14,0.021665273001417518,front-end,"['front-end', 'user', 'orders']","['front-end', 'user', 'orders', 'catalogue', 'orders-db']",False,False,False
2026_03_17,pod_memory_hog_shipping_001,shipping,2026-03-17 21:34:02,2026-03-17 21:39:02,0.020762130996445194,front-end,"['front-end', 'orders', 'user']","['front-end', 'orders', 'user', 'catalogue', 'orders-db']",False,False,False
2026_03_17,pod_memory_hog_user_001,user,2026-03-17 10:16:11,2026-03-17 10:21:11,0.026984330004779622,orders,"['orders', 'user', 'front-end']","['orders', 'user', 'front-end', 'catalogue', 'orders-db']",False,True,True
2026_03_17,pod_network_delay_carts_001,carts,2026-03-17 01:34:57,2026-03-17 01:39:57,0.026699993992224336,carts,"['carts', 'front-end', 'orders']","['carts', 'front-end', 'orders', 'user', 'catalogue']",True,True,True
2026_03_17,pod_network_delay_catalogue_001,catalogue,2026-03-17 00:44:51,2026-03-17 00:49:51,0.019197421002900228,orders,"['orders', 'user', 'front-end']","['orders', 'user', 'front-end', 'catalogue', 'orders-db']",False,False,True
2026_03_17,pod_network_delay_front-end_001,front-end,2026-03-17 17:17:18,2026-03-17 17:22:18,0.020365516989841126,front-end,"['front-end', 'orders', 'user']","['front-end', 'orders', 'user', 'catalogue', 'orders-db']",True,True,True
2026_03_17,pod_network_delay_orders_001,orders,2026-03-17 13:52:18,2026-03-17 13:57:18,0.019785059994319454,orders,"['orders', 'user', 'front-end']","['orders', 'user', 'front-end', 'catalogue', 'orders-db']",True,True,True
2026_03_17,pod_network_delay_payment_001,payment,2026-03-17 15:24:46,2026-03-17 15:29:46,0.026897763993474655,front-end,"['front-end', 'orders', 'user']","['front-end', 'orders', 'user', 'catalogue', 'orders-db']",False,False,False
2026_03_17,pod_network_delay_queue-master_001,queue-master,2026-03-17 03:42:44,2026-03-17 03:47:44,0.02081137799541466,front-end,"['front-end', 'orders', 'user']","['front-end', 'orders', 'user', 'catalogue', 'orders-db']",False,False,False
2026_03_17,pod_network_delay_shipping_001,shipping,2026-03-17 11:06:13,2026-03-17 11:11:13,0.021407774998806417,orders,"['orders', 'user', 'front-end']","['orders', 'user', 'front-end', 'catalogue', 'orders-db']",False,False,False
2026_03_17,pod_network_delay_user_001,user,2026-03-17 12:29:36,2026-03-17 12:34:36,0.020648724006605335,front-end,"['front-end', 'orders', 'user']","['front-end', 'orders', 'user', 'catalogue', 'orders-db']",False,True,True
2026_03_17,pod_network_loss_carts_001,carts,2026-03-17 16:30:33,2026-03-17 16:35:33,0.020801377992029302,orders,"['orders', 'user', 'front-end']","['orders', 'user', 'front-end', 'catalogue', 'orders-db']",False,False,False
2026_03_17,pod_network_loss_catalogue_001,catalogue,2026-03-17 17:03:42,2026-03-17 17:08:42,0.027967169997282326,front-end,"['front-end', 'orders', 'user']","['front-end', 'orders', 'user', 'catalogue', 'orders-db']",False,False,True
2026_03_17,pod_network_loss_front-end_001,front-end,2026-03-17 01:17:40,2026-03-17 01:22:40,0.01995121900108643,front-end,"['front-end', 'orders', 'user']","['front-end', 'orders', 'user', 'catalogue', 'orders-db']",True,True,True
2026_03_17,pod_network_loss_orders_001,orders,2026-03-17 18:18:55,2026-03-17 18:23:55,0.02851757500320673,orders,"['orders', 'front-end', 'user']","['orders', 'front-end', 'user', 'catalogue', 'orders-db']",True,True,True
2026_03_17,pod_network_loss_payment_001,payment,2026-03-17 03:30:58,2026-03-17 03:35:58,0.029122316991561092,front-end,"['front-end', 'orders', 'user']","['front-end', 'orders', 'user', 'catalogue', 'orders-db']",False,False,False
2026_03_17,pod_network_loss_queue-master_001,queue-master,2026-03-17 08:04:07,2026-03-17 08:09:07,0.020054064996656962,orders,"['orders', 'user', 'front-end']","['orders', 'user', 'front-end', 'catalogue', 'orders-db']",False,False,False
2026_03_17,pod_network_loss_shipping_001,shipping,2026-03-17 07:13:09,2026-03-17 07:18:09,0.07036550100019667,shipping,"['shipping', 'orders', 'front-end']","['shipping', 'orders', 'front-end', 'user', 'catalogue']",True,True,True
2026_03_17,pod_network_loss_user_001,user,2026-03-17 19:38:09,2026-03-17 19:43:09,0.02285016799578443,front-end,"['front-end', 'user', 'orders']","['front-end', 'user', 'orders', 'catalogue', 'orders-db']",False,True,True
2026_03_17,pod_network_partition_carts_001,carts,2026-03-17 09:44:37,2026-03-17 09:49:37,0.028825815999880433,orders,"['orders', 'carts', 'front-end']","['orders', 'carts', 'front-end', 'user', 'catalogue']",False,True,True
2026_03_17,pod_network_partition_catalogue_001,catalogue,2026-03-17 05:15:55,2026-03-17 05:20:55,0.029365616996074095,carts,"['carts', 'catalogue', 'front-end']","['carts', 'catalogue', 'front-end', 'orders', 'user']",False,True,True
2026_03_17,pod_network_partition_front-end_001,front-end,2026-03-17 22:26:31,2026-03-17 22:31:31,0.026742442001705058,front-end,"['front-end', 'orders', 'user']","['front-end', 'orders', 'user', 'catalogue', 'orders-db']",True,True,True
2026_03_17,pod_network_partition_orders_001,orders,2026-03-17 19:52:46,2026-03-17 19:57:46,0.0290302190114744,orders,"['orders', 'front-end', 'user']","['orders', 'front-end', 'user', 'catalogue', 'orders-db']",True,True,True
2026_03_17,pod_network_partition_payment_001,payment,2026-03-17 01:51:38,2026-03-17 01:56:38,0.02617335300601553,orders,"['orders', 'front-end', 'payment']","['orders', 'front-end', 'payment', 'user', 'catalogue']",False,True,True
2026_03_17,pod_network_partition_queue-master_001,queue-master,2026-03-17 00:16:29,2026-03-17 00:21:29,0.026200128995697014,queue-master,"['queue-master', 'carts', 'rabbitmq']","['queue-master', 'carts', 'rabbitmq', 'front-end', 'orders']",True,True,True
2026_03_17,pod_network_partition_shipping_001,shipping,2026-03-17 11:22:09,2026-03-17 11:27:09,0.02760095200210344,orders,"['orders', 'shipping', 'front-end']","['orders', 'shipping', 'front-end', 'rabbitmq', 'user']",False,True,True
2026_03_17,pod_network_partition_user_001,user,2026-03-17 12:58:30,2026-03-17 13:03:30,0.02726332499878481,orders,"['orders', 'front-end', 'user']","['orders', 'front-end', 'user', 'catalogue', 'orders-db']",False,True,True
2026_03_18,pod_cpu_hog_carts-db_001,carts-db,2026-03-18 13:12:42,2026-03-18 13:17:42,0.025073817989323288,front-end,"['front-end', 'orders', 'user']","['front-end', 'orders', 'user', 'catalogue', 'orders-db']",False,False,False
2026_03_18,pod_cpu_hog_carts_001,carts,2026-03-18 00:27:03,2026-03-18 00:32:03,0.03366540600836743,carts,"['carts', 'front-end', 'orders']","['carts', 'front-end', 'orders', 'user', 'catalogue']",True,True,True
2026_03_18,pod_cpu_hog_catalogue-db_001,catalogue-db,2026-03-18 17:30:36,2026-03-18 17:35:36,0.06838917499408126,front-end,"['front-end', 'orders', 'user']","['front-end', 'orders', 'user', 'catalogue', 'orders-db']",False,False,False
2026_03_18,pod_cpu_hog_catalogue_001,catalogue,2026-03-18 17:15:07,2026-03-18 17:20:07,0.027638749001198448,front-end,"['front-end', 'orders', 'user']","['front-end', 'orders', 'user', 'catalogue', 'orders-db']",False,False,True
2026_03_18,pod_cpu_hog_front-end_001,front-end,2026-03-18 19:24:48,2026-03-18 19:29:48,0.043533310003113,carts,"['carts', 'orders', 'user']","['carts', 'orders', 'user', 'front-end', 'catalogue']",False,False,True
2026_03_18,pod_cpu_hog_orders-db_001,orders-db,2026-03-18 19:08:13,2026-03-18 19:13:13,0.031188004999421537,front-end,"['front-end', 'orders', 'user']","['front-end', 'orders', 'user', 'catalogue', 'orders-db']",False,False,True
2026_03_18,pod_cpu_hog_orders_001,orders,2026-03-18 04:28:40,2026-03-18 04:33:40,0.037609122999128886,front-end,"['front-end', 'orders', 'user']","['front-end', 'orders', 'user', 'catalogue', 'orders-db']",False,True,True
2026_03_18,pod_cpu_hog_payment_001,payment,2026-03-18 14:55:21,2026-03-18 15:00:21,0.02801499101042282,front-end,"['front-end', 'orders', 'user']","['front-end', 'orders', 'user', 'catalogue', 'orders-db']",False,False,False
2026_03_18,pod_cpu_hog_queue-master_001,queue-master,2026-03-18 20:13:52,2026-03-18 20:18:52,0.026375868008472025,front-end,"['front-end', 'orders', 'user']","['front-end', 'orders', 'user', 'catalogue', 'orders-db']",False,False,False
2026_03_18,pod_cpu_hog_rabbitmq_001,rabbitmq,2026-03-18 08:55:12,2026-03-18 09:00:12,0.025588725999114104,orders,"['orders', 'user', 'front-end']","['orders', 'user', 'front-end', 'catalogue', 'orders-db']",False,False,False
2026_03_18,pod_cpu_hog_session-db_001,session-db,2026-03-18 21:17:28,2026-03-18 21:22:28,0.03282308700727299,front-end,"['front-end', 'orders', 'user']","['front-end', 'orders', 'user', 'catalogue', 'orders-db']",False,False,False
2026_03_18,pod_cpu_hog_shipping_001,shipping,2026-03-18 18:40:47,2026-03-18 18:45:47,0.03270549800072331,front-end,"['front-end', 'orders', 'user']","['front-end', 'orders', 'user', 'catalogue', 'orders-db']",False,False,False
2026_03_18,pod_cpu_hog_user-db_001,user-db,2026-03-18 23:13:20,2026-03-18 23:18:20,0.03251186000125017,front-end,"['front-end', 'orders', 'user']","['front-end', 'orders', 'user', 'catalogue', 'orders-db']",False,False,False
2026_03_18,pod_cpu_hog_user_001,user,2026-03-18 21:03:46,2026-03-18 21:08:46,0.04972730799636338,front-end,"['front-end', 'orders', 'user']","['front-end', 'orders', 'user', 'catalogue', 'orders-db']",False,True,True
2026_03_18,pod_do_fault_carts-db_001,carts-db,2026-03-18 03:13:31,2026-03-18 03:18:31,0.030525940004736185,carts,"['carts', 'orders', 'front-end']","['carts', 'orders', 'front-end', 'carts-db', 'mongodb-exporter']",False,False,True
2026_03_18,pod_do_fault_carts_001,carts,2026-03-18 15:09:52,2026-03-18 15:14:52,0.030101463999017142,orders,"['orders', 'front-end', 'carts']","['orders', 'front-end', 'carts', 'user', 'catalogue']",False,True,True
2026_03_18,pod_do_fault_catalogue-db_001,catalogue-db,2026-03-18 11:07:37,2026-03-18 11:12:37,0.02769576301216148,carts,"['carts', 'front-end', 'catalogue']","['carts', 'front-end', 'catalogue', 'catalogue-db', 'mysql-exporter']",False,False,True
2026_03_18,pod_do_fault_catalogue_001,catalogue,2026-03-18 15:50:36,2026-03-18 15:55:36,0.038776421002694406,front-end,"['front-end', 'catalogue', 'orders']","['front-end', 'catalogue', 'orders', 'user', 'orders-db']",False,True,True
2026_03_18,pod_do_fault_front-end_001,front-end,2026-03-18 22:09:38,2026-03-18 22:14:38,0.02797677999478765,front-end,"['front-end', 'orders', 'user']","['front-end', 'orders', 'user', 'catalogue', 'orders-db']",True,True,True
2026_03_18,pod_do_fault_orders-db_001,orders-db,2026-03-18 06:45:23,2026-03-18 06:50:23,0.02764827900682576,orders,"['orders', 'orders-db', 'mongodb-exporter']","['orders', 'orders-db', 'mongodb-exporter', 'user', 'front-end']",False,True,True
2026_03_18,pod_do_fault_orders_001,orders,2026-03-18 14:36:45,2026-03-18 14:41:45,0.027570785008720122,front-end,"['front-end', 'orders', 'user']","['front-end', 'orders', 'user', 'catalogue', 'orders-db']",False,True,True
2026_03_18,pod_do_fault_payment_001,payment,2026-03-18 22:20:57,2026-03-18 22:25:57,0.027246516998275183,orders,"['orders', 'front-end', 'payment']","['orders', 'front-end', 'payment', 'user', 'catalogue']",False,True,True
2026_03_18,pod_do_fault_queue-master_001,queue-master,2026-03-18 21:52:13,2026-03-18 21:57:13,0.027846361001138575,queue-master,"['queue-master', 'rabbitmq', 'front-end']","['queue-master', 'rabbitmq', 'front-end', 'orders', 'user']",True,True,True
2026_03_18,pod_do_fault_shipping_001,shipping,2026-03-18 06:30:11,2026-03-18 06:35:11,0.027313066995702684,orders,"['orders', 'front-end', 'shipping']","['orders', 'front-end', 'shipping', 'rabbitmq', 'user']",False,True,True
2026_03_18,pod_do_fault_user-db_001,user-db,2026-03-18 07:00:41,2026-03-18 07:05:41,0.02820883900858462,front-end,"['front-end', 'user-db', 'user']","['front-end', 'user-db', 'user', 'mongodb-exporter', 'catalogue']",False,True,True
2026_03_18,pod_do_fault_user_001,user,2026-03-18 20:42:36,2026-03-18 20:47:36,0.030512291996274143,orders,"['orders', 'front-end', 'user']","['orders', 'front-end', 'user', 'catalogue', 'orders-db']",False,True,True
2026_03_18,pod_io_fault_carts-db_001,carts-db,2026-03-18 22:57:35,2026-03-18 23:02:35,0.0279272600018885,carts,"['carts', 'carts-db', 'orders']","['carts', 'carts-db', 'orders', 'front-end', 'user']",False,True,True
2026_03_18,pod_io_fault_orders-db_001,orders-db,2026-03-18 00:55:28,2026-03-18 01:00:28,0.027197952003916726,orders,"['orders', 'orders-db', 'front-end']","['orders', 'orders-db', 'front-end', 'user', 'catalogue']",False,True,True
2026_03_18,pod_io_fault_user-db_001,user-db,2026-03-18 08:04:55,2026-03-18 08:09:55,0.027288486002362333,user-db,"['user-db', 'front-end', 'orders']","['user-db', 'front-end', 'orders', 'user', 'catalogue']",True,True,True
2026_03_18,pod_java_exception_carts_001,carts,2026-03-18 00:11:11,2026-03-18 00:16:11,0.028133797997725196,carts,"['carts', 'front-end', 'orders']","['carts', 'front-end', 'orders', 'user', 'catalogue']",True,True,True
2026_03_18,pod_java_exception_orders_001,orders,2026-03-18 10:18:32,2026-03-18 10:23:32,0.026981510003679432,orders,"['orders', 'front-end', 'user']","['orders', 'front-end', 'user', 'catalogue', 'orders-db']",True,True,True
2026_03_18,pod_java_exception_shipping_001,shipping,2026-03-18 02:38:05,2026-03-18 02:43:05,0.030408441001782194,shipping,"['shipping', 'orders', 'front-end']","['shipping', 'orders', 'front-end', 'user', 'catalogue']",True,True,True
2026_03_18,pod_memory_hog_carts_001,carts,2026-03-18 19:40:45,2026-03-18 19:45:45,0.027338578991475515,orders,"['orders', 'user', 'front-end']","['orders', 'user', 'front-end', 'catalogue', 'orders-db']",False,False,False
2026_03_18,pod_memory_hog_catalogue_001,catalogue,2026-03-18 10:50:22,2026-03-18 10:55:22,0.03267745800258126,orders,"['orders', 'user', 'front-end']","['orders', 'user', 'front-end', 'catalogue', 'orders-db']",False,False,True
2026_03_18,pod_memory_hog_front-end_001,front-end,2026-03-18 13:47:48,2026-03-18 13:52:48,0.02676356899610255,front-end,"['front-end', 'orders', 'user']","['front-end', 'orders', 'user', 'catalogue', 'orders-db']",True,True,True
2026_03_18,pod_memory_hog_orders_001,orders,2026-03-18 03:44:07,2026-03-18 03:49:07,0.06710668800224084,user,"['user', 'orders', 'front-end']","['user', 'orders', 'front-end', 'catalogue', 'orders-db']",False,True,True
2026_03_18,pod_memory_hog_payment_001,payment,2026-03-18 09:28:31,2026-03-18 09:33:31,0.03301330600515939,front-end,"['front-end', 'orders', 'user']","['front-end', 'orders', 'user', 'catalogue', 'orders-db']",False,False,False
2026_03_18,pod_memory_hog_queue-master_001,queue-master,2026-03-18 07:19:10,2026-03-18 07:24:10,0.03318887400382664,carts,"['carts', 'front-end', 'user']","['carts', 'front-end', 'user', 'orders', 'catalogue']",False,False,False
2026_03_18,pod_memory_hog_shipping_001,shipping,2026-03-18 06:09:49,2026-03-18 06:14:49,0.027363537010387518,orders,"['orders', 'user', 'front-end']","['orders', 'user', 'front-end', 'catalogue', 'orders-db']",False,False,False
2026_03_18,pod_memory_hog_user_001,user,2026-03-18 14:22:29,2026-03-18 14:27:29,0.026412156992591918,front-end,"['front-end', 'orders', 'user']","['front-end', 'orders', 'user', 'catalogue', 'orders-db']",False,True,True
2026_03_18,pod_network_delay_carts_001,carts,2026-03-18 16:56:36,2026-03-18 17:01:36,0.03038292498968076,carts,"['carts', 'orders', 'front-end']","['carts', 'orders', 'front-end', 'user', 'catalogue']",True,True,True
2026_03_18,pod_network_delay_catalogue_001,catalogue,2026-03-18 07:49:56,2026-03-18 07:54:56,0.030432803003350273,front-end,"['front-end', 'orders', 'user']","['front-end', 'orders', 'user', 'catalogue', 'orders-db']",False,False,True
2026_03_18,pod_network_delay_front-end_001,front-end,2026-03-18 16:05:15,2026-03-18 16:10:15,0.029217404997325502,orders,"['orders', 'user', 'front-end']","['orders', 'user', 'front-end', 'catalogue', 'orders-db']",False,True,True
2026_03_18,pod_network_delay_orders_001,orders,2026-03-18 18:04:16,2026-03-18 18:09:16,0.028370597996399738,front-end,"['front-end', 'orders', 'user']","['front-end', 'orders', 'user', 'catalogue', 'orders-db']",False,True,True
2026_03_18,pod_network_delay_payment_001,payment,2026-03-18 09:11:20,2026-03-18 09:16:20,0.026880429999437183,front-end,"['front-end', 'orders', 'user']","['front-end', 'orders', 'user', 'catalogue', 'orders-db']",False,False,False
2026_03_18,pod_network_delay_queue-master_001,queue-master,2026-03-18 16:40:06,2026-03-18 16:45:06,0.027865975003805943,orders,"['orders', 'user', 'front-end']","['orders', 'user', 'front-end', 'catalogue', 'orders-db']",False,False,False
2026_03_18,pod_network_delay_shipping_001,shipping,2026-03-18 12:18:02,2026-03-18 12:23:02,0.02781285899982322,orders,"['orders', 'user', 'front-end']","['orders', 'user', 'front-end', 'catalogue', 'orders-db']",False,False,False
2026_03_18,pod_network_delay_user_001,user,2026-03-18 05:22:23,2026-03-18 05:27:23,0.029653143996256404,orders,"['orders', 'user', 'front-end']","['orders', 'user', 'front-end', 'catalogue', 'orders-db']",False,True,True
2026_03_18,pod_network_loss_carts_001,carts,2026-03-18 09:42:17,2026-03-18 09:47:17,0.027184734994079918,orders,"['orders', 'user', 'front-end']","['orders', 'user', 'front-end', 'catalogue', 'orders-db']",False,False,False
2026_03_18,pod_network_loss_catalogue_001,catalogue,2026-03-18 02:20:15,2026-03-18 02:25:15,0.09623744399868883,front-end,"['front-end', 'user', 'orders']","['front-end', 'user', 'orders', 'catalogue', 'orders-db']",False,False,True
2026_03_18,pod_network_loss_front-end_001,front-end,2026-03-18 12:36:16,2026-03-18 12:41:16,0.03199865399801638,front-end,"['front-end', 'orders', 'user']","['front-end', 'orders', 'user', 'catalogue', 'orders-db']",True,True,True
2026_03_18,pod_network_loss_orders_001,orders,2026-03-18 04:47:49,2026-03-18 04:52:49,0.027398331003496423,orders,"['orders', 'front-end', 'user']","['orders', 'front-end', 'user', 'catalogue', 'orders-db']",True,True,True
2026_03_18,pod_network_loss_payment_001,payment,2026-03-18 22:40:35,2026-03-18 22:45:35,0.026947065998683684,front-end,"['front-end', 'orders', 'user']","['front-end', 'orders', 'user', 'catalogue', 'orders-db']",False,False,False
2026_03_18,pod_network_loss_queue-master_001,queue-master,2026-03-18 15:32:15,2026-03-18 15:37:15,0.03312736199586652,front-end,"['front-end', 'orders', 'user']","['front-end', 'orders', 'user', 'catalogue', 'orders-db']",False,False,False
2026_03_18,pod_network_loss_shipping_001,shipping,2026-03-18 10:32:48,2026-03-18 10:37:48,0.026939037008560263,front-end,"['front-end', 'orders', 'user']","['front-end', 'orders', 'user', 'catalogue', 'orders-db']",False,False,False
2026_03_18,pod_network_loss_user_001,user,2026-03-18 03:59:48,2026-03-18 04:04:48,0.03304160099651199,front-end,"['front-end', 'user', 'orders']","['front-end', 'user', 'orders', 'catalogue', 'orders-db']",False,True,True
2026_03_18,pod_network_partition_carts_001,carts,2026-03-18 14:03:44,2026-03-18 14:08:44,0.036731697007780895,orders,"['orders', 'carts', 'front-end']","['orders', 'carts', 'front-end', 'user', 'catalogue']",False,True,True
2026_03_18,pod_network_partition_catalogue_001,catalogue,2026-03-18 08:20:27,2026-03-18 08:25:27,0.027373056000215,carts,"['carts', 'catalogue', 'front-end']","['carts', 'catalogue', 'front-end', 'orders', 'user']",False,True,True
2026_03_18,pod_network_partition_front-end_001,front-end,2026-03-18 17:43:39,2026-03-18 17:48:39,0.026658210990717635,front-end,"['front-end', 'orders', 'user']","['front-end', 'orders', 'user', 'catalogue', 'orders-db']",True,True,True
2026_03_18,pod_network_partition_orders_001,orders,2026-03-18 05:04:38,2026-03-18 05:09:38,0.02767422900069505,orders,"['orders', 'front-end', 'user']","['orders', 'front-end', 'user', 'catalogue', 'orders-db']",True,True,True
2026_03_18,pod_network_partition_payment_001,payment,2026-03-18 03:27:34,2026-03-18 03:32:34,0.027863442999660037,orders,"['orders', 'front-end', 'payment']","['orders', 'front-end', 'payment', 'user', 'catalogue']",False,True,True
2026_03_18,pod_network_partition_queue-master_001,queue-master,2026-03-18 00:42:27,2026-03-18 00:47:27,0.029465572006301954,queue-master,"['queue-master', 'rabbitmq', 'front-end']","['queue-master', 'rabbitmq', 'front-end', 'orders', 'user']",True,True,True
2026_03_18,pod_network_partition_shipping_001,shipping,2026-03-18 01:16:03,2026-03-18 01:21:03,0.027437077995273285,orders,"['orders', 'shipping', 'front-end']","['orders', 'shipping', 'front-end', 'rabbitmq', 'user']",False,True,True
2026_03_18,pod_network_partition_user_001,user,2026-03-18 02:04:24,2026-03-18 02:09:24,0.02638164699601475,orders,"['orders', 'user', 'front-end']","['orders', 'user', 'front-end', 'catalogue', 'orders-db']",False,True,True
